,obs,action,step
0,17,17.0,1
1,17,18.0,1
2,17,19.0,1
3,17,15.0,1
4,17,16.0,1
5,17,17.0,1
6,17,17.0,1
7,17,19.0,1
8,17,17.0,1
9,17,15.0,1
10,17,17.0,1
11,17,17.0,1
12,17,17.0,1
13,17,16.0,1
14,17,16.0,1
15,17,15.0,1
16,17,18.0,1
17,17,17.0,1
18,17,16.0,1
19,17,15.0,1
20,17,16.0,1
21,17,16.0,1
22,17,16.0,1
23,17,15.0,1
24,17,16.0,1
25,17,22.0,1
26,17,16.0,1
27,17,17.0,1
28,17,15.0,1
29,17,17.0,1
30,17,15.0,2
31,17,15.0,2
32,17,15.0,2
33,17,15.0,2
34,17,15.0,2
35,17,15.0,2
36,17,17.0,2
37,17,16.0,2
38,17,17.0,2
39,17,22.0,2
40,17,17.0,2
41,17,17.0,2
42,17,15.0,2
43,17,16.0,2
44,17,16.0,2
45,17,15.0,2
46,17,15.0,2
47,17,17.0,2
48,17,19.0,2
49,17,15.0,2
50,17,19.0,2
51,17,18.0,2
52,17,16.0,2
53,17,15.0,2
54,17,21.0,2
55,17,15.0,2
56,17,16.0,2
57,17,16.0,2
58,17,20.0,2
59,17,17.0,2
60,17,17.0,3
61,17,15.0,3
62,17,18.0,3
63,17,17.0,3
64,17,15.0,3
65,17,15.0,3
66,17,18.0,3
67,17,16.0,3
68,17,15.0,3
69,17,16.0,3
70,17,19.0,3
71,17,18.0,3
72,17,15.0,3
73,17,15.0,3
74,17,18.0,3
75,17,21.0,3
76,17,15.0,3
77,17,18.0,3
78,17,15.0,3
79,17,19.0,3
80,17,19.0,3
81,17,15.0,3
82,17,22.0,3
83,17,21.0,3
84,17,15.0,3
85,17,15.0,3
86,17,16.0,3
87,17,15.0,3
88,17,15.0,3
89,17,15.0,3
90,17,15.0,4
91,17,17.0,4
92,17,18.0,4
93,17,16.0,4
94,17,15.0,4
95,17,17.0,4
96,17,21.0,4
97,17,15.0,4
98,17,17.0,4
99,17,19.0,4
100,17,15.0,4
101,17,19.0,4
102,17,15.0,4
103,17,18.0,4
104,17,17.0,4
105,17,16.0,4
106,17,17.0,4
107,17,15.0,4
108,17,16.0,4
109,17,17.0,4
110,17,15.0,4
111,17,16.0,4
112,17,16.0,4
113,17,16.0,4
114,17,21.0,4
115,17,20.0,4
116,17,19.0,4
117,17,15.0,4
118,17,21.0,4
119,17,16.0,4
120,17,16.0,5
121,17,16.0,5
122,17,18.0,5
123,17,15.0,5
124,17,17.0,5
125,17,16.0,5
126,17,16.0,5
127,17,19.0,5
128,17,17.0,5
129,17,15.0,5
130,17,18.0,5
131,17,16.0,5
132,17,17.0,5
133,17,15.0,5
134,17,19.0,5
135,17,15.0,5
136,17,15.0,5
137,17,19.0,5
138,17,17.0,5
139,17,15.0,5
140,17,17.0,5
141,17,16.0,5
142,17,18.0,5
143,17,16.0,5
144,17,17.0,5
145,17,16.0,5
146,17,17.0,5
147,17,15.0,5
148,17,15.0,5
149,17,16.0,5
150,17,15.0,6
151,17,16.0,6
152,17,18.0,6
153,17,15.0,6
154,17,15.0,6
155,17,19.0,6
156,17,16.0,6
157,17,16.0,6
158,17,17.0,6
159,17,17.0,6
160,17,17.0,6
161,17,17.0,6
162,17,16.0,6
163,17,20.0,6
164,17,16.0,6
165,17,15.0,6
166,17,16.0,6
167,17,16.0,6
168,17,17.0,6
169,17,15.0,6
170,17,16.0,6
171,17,16.0,6
172,17,18.0,6
173,17,15.0,6
174,17,22.0,6
175,17,21.0,6
176,17,19.0,6
177,17,20.0,6
178,17,19.0,6
179,17,19.0,6
180,17,15.0,7
181,17,16.0,7
182,17,16.0,7
183,17,16.0,7
184,17,15.0,7
185,17,16.0,7
186,17,19.0,7
187,17,19.0,7
188,17,15.0,7
189,17,16.0,7
190,17,16.0,7
191,17,19.0,7
192,17,17.0,7
193,17,15.0,7
194,17,15.0,7
195,17,15.0,7
196,17,16.0,7
197,17,16.0,7
198,17,16.0,7
199,17,19.0,7
200,17,19.0,7
201,17,17.0,7
202,17,16.0,7
203,17,18.0,7
204,17,17.0,7
205,17,15.0,7
206,17,20.0,7
207,17,20.0,7
208,17,16.0,7
209,17,15.0,7
210,17,17.0,8
211,17,16.0,8
212,17,16.0,8
213,17,21.0,8
214,17,19.0,8
215,17,18.0,8
216,17,15.0,8
217,17,17.0,8
218,17,17.0,8
219,17,21.0,8
220,17,18.0,8
221,17,18.0,8
222,17,16.0,8
223,17,16.0,8
224,17,15.0,8
225,17,16.0,8
226,17,18.0,8
227,17,16.0,8
228,17,16.0,8
229,17,15.0,8
230,17,18.0,8
231,17,15.0,8
232,17,17.0,8
233,17,18.0,8
234,17,20.0,8
235,17,20.0,8
236,17,19.0,8
237,17,16.0,8
238,17,18.0,8
239,17,15.0,8
240,17,15.0,9
241,17,15.0,9
242,17,18.0,9
243,17,16.0,9
244,17,18.0,9
245,17,16.0,9
246,17,16.0,9
247,17,16.0,9
248,17,18.0,9
249,17,22.0,9
250,17,15.0,9
251,17,19.0,9
252,17,17.0,9
253,17,15.0,9
254,17,20.0,9
255,17,15.0,9
256,17,17.0,9
257,17,17.0,9
258,17,17.0,9
259,17,16.0,9
260,17,15.0,9
261,17,17.0,9
262,17,16.0,9
263,17,17.0,9
264,17,19.0,9
265,17,19.0,9
266,17,16.0,9
267,17,17.0,9
268,17,15.0,9
269,17,17.0,9
270,17,18.0,10
271,17,16.0,10
272,17,16.0,10
273,17,16.0,10
274,17,16.0,10
275,17,17.0,10
276,17,15.0,10
277,17,22.0,10
278,17,15.0,10
279,17,19.0,10
280,17,18.0,10
281,17,15.0,10
282,17,20.0,10
283,17,18.0,10
284,17,15.0,10
285,17,16.0,10
286,17,15.0,10
287,17,18.0,10
288,17,15.0,10
289,17,15.0,10
290,17,15.0,10
291,17,17.0,10
292,17,16.0,10
293,17,15.0,10
294,17,17.0,10
295,17,18.0,10
296,17,16.0,10
297,17,21.0,10
298,17,16.0,10
299,17,22.0,10
300,17,15.0,11
301,17,17.0,11
302,17,18.0,11
303,17,16.0,11
304,17,15.0,11
305,17,15.0,11
306,17,19.0,11
307,17,16.0,11
308,17,19.0,11
309,17,16.0,11
310,17,15.0,11
311,17,16.0,11
312,17,16.0,11
313,17,15.0,11
314,17,21.0,11
315,17,17.0,11
316,17,19.0,11
317,17,17.0,11
318,17,15.0,11
319,17,15.0,11
320,17,18.0,11
321,17,18.0,11
322,17,17.0,11
323,17,17.0,11
324,17,16.0,11
325,17,15.0,11
326,17,19.0,11
327,17,15.0,11
328,17,20.0,11
329,17,17.0,11
330,17,16.0,12
331,17,17.0,12
332,17,15.0,12
333,17,19.0,12
334,17,15.0,12
335,17,15.0,12
336,17,15.0,12
337,17,15.0,12
338,17,15.0,12
339,17,16.0,12
340,17,17.0,12
341,17,16.0,12
342,17,15.0,12
343,17,15.0,12
344,17,15.0,12
345,17,15.0,12
346,17,15.0,12
347,17,18.0,12
348,17,16.0,12
349,17,16.0,12
350,17,16.0,12
351,17,15.0,12
352,17,16.0,12
353,17,16.0,12
354,17,15.0,12
355,17,20.0,12
356,17,15.0,12
357,17,15.0,12
358,17,19.0,12
359,17,21.0,12
360,17,21.0,13
361,17,15.0,13
362,17,16.0,13
363,17,16.0,13
364,17,16.0,13
365,17,15.0,13
366,17,16.0,13
367,17,20.0,13
368,17,15.0,13
369,17,16.0,13
370,17,15.0,13
371,17,15.0,13
372,17,16.0,13
373,17,17.0,13
374,17,16.0,13
375,17,15.0,13
376,17,18.0,13
377,17,20.0,13
378,17,19.0,13
379,17,16.0,13
380,17,19.0,13
381,17,19.0,13
382,17,18.0,13
383,17,16.0,13
384,17,17.0,13
385,17,15.0,13
386,17,15.0,13
387,17,19.0,13
388,17,16.0,13
389,17,16.0,13
390,17,15.0,14
391,17,17.0,14
392,17,16.0,14
393,17,17.0,14
394,17,16.0,14
395,17,16.0,14
396,17,15.0,14
397,17,16.0,14
398,17,15.0,14
399,17,16.0,14
400,17,17.0,14
401,17,15.0,14
402,17,16.0,14
403,17,17.0,14
404,17,15.0,14
405,17,18.0,14
406,17,19.0,14
407,17,22.0,14
408,17,15.0,14
409,17,19.0,14
410,17,18.0,14
411,17,15.0,14
412,17,15.0,14
413,17,17.0,14
414,17,16.0,14
415,17,17.0,14
416,17,15.0,14
417,17,16.0,14
418,17,16.0,14
419,17,17.0,14
420,17,15.0,15
421,17,21.0,15
422,17,15.0,15
423,17,15.0,15
424,17,17.0,15
425,17,19.0,15
426,17,16.0,15
427,17,16.0,15
428,17,17.0,15
429,17,17.0,15
430,17,16.0,15
431,17,16.0,15
432,17,15.0,15
433,17,15.0,15
434,17,16.0,15
435,17,17.0,15
436,17,17.0,15
437,17,15.0,15
438,17,16.0,15
439,17,19.0,15
440,17,15.0,15
441,17,22.0,15
442,17,15.0,15
443,17,20.0,15
444,17,21.0,15
445,17,18.0,15
446,17,18.0,15
447,17,15.0,15
448,17,16.0,15
449,17,17.0,15
450,17,18.0,16
451,17,21.0,16
452,17,17.0,16
453,17,18.0,16
454,17,15.0,16
455,17,22.0,16
456,17,15.0,16
457,17,17.0,16
458,17,16.0,16
459,17,18.0,16
460,17,20.0,16
461,17,16.0,16
462,17,21.0,16
463,17,21.0,16
464,17,20.0,16
465,17,15.0,16
466,17,15.0,16
467,17,17.0,16
468,17,15.0,16
469,17,16.0,16
470,17,19.0,16
471,17,19.0,16
472,17,20.0,16
473,17,19.0,16
474,17,16.0,16
475,17,17.0,16
476,17,16.0,16
477,17,16.0,16
478,17,16.0,16
479,17,16.0,16
480,17,15.0,17
481,17,15.0,17
482,17,15.0,17
483,17,18.0,17
484,17,17.0,17
485,17,17.0,17
486,17,17.0,17
487,17,15.0,17
488,17,16.0,17
489,17,19.0,17
490,17,21.0,17
491,17,17.0,17
492,17,15.0,17
493,17,15.0,17
494,17,19.0,17
495,17,15.0,17
496,17,16.0,17
497,17,15.0,17
498,17,15.0,17
499,17,16.0,17
500,17,17.0,17
501,17,16.0,17
502,17,20.0,17
503,17,15.0,17
504,17,18.0,17
505,17,19.0,17
506,17,18.0,17
507,17,15.0,17
508,17,19.0,17
509,17,17.0,17
510,17,16.0,18
511,17,16.0,18
512,17,16.0,18
513,17,19.0,18
514,17,15.0,18
515,17,15.0,18
516,17,15.0,18
517,17,22.0,18
518,17,15.0,18
519,17,15.0,18
520,17,15.0,18
521,17,15.0,18
522,17,15.0,18
523,17,16.0,18
524,17,21.0,18
525,17,20.0,18
526,17,15.0,18
527,17,17.0,18
528,17,16.0,18
529,17,20.0,18
530,17,17.0,18
531,17,18.0,18
532,17,18.0,18
533,17,15.0,18
534,17,15.0,18
535,17,19.0,18
536,17,15.0,18
537,17,16.0,18
538,17,15.0,18
539,17,15.0,18
540,17,17.0,19
541,17,15.0,19
542,17,16.0,19
543,17,16.0,19
544,17,16.0,19
545,17,16.0,19
546,17,16.0,19
547,17,19.0,19
548,17,15.0,19
549,17,18.0,19
550,17,15.0,19
551,17,17.0,19
552,17,18.0,19
553,17,16.0,19
554,17,18.0,19
555,17,19.0,19
556,17,20.0,19
557,17,15.0,19
558,17,16.0,19
559,17,16.0,19
560,17,17.0,19
561,17,18.0,19
562,17,17.0,19
563,17,15.0,19
564,17,18.0,19
565,17,15.0,19
566,17,16.0,19
567,17,16.0,19
568,17,15.0,19
569,17,17.0,19
570,17,15.0,20
571,17,18.0,20
572,17,19.0,20
573,17,19.0,20
574,17,16.0,20
575,17,15.0,20
576,17,16.0,20
577,17,15.0,20
578,17,15.0,20
579,17,15.0,20
580,17,15.0,20
581,17,18.0,20
582,17,18.0,20
583,17,19.0,20
584,17,18.0,20
585,17,17.0,20
586,17,17.0,20
587,17,16.0,20
588,17,15.0,20
589,17,17.0,20
590,17,16.0,20
591,17,15.0,20
592,17,17.0,20
593,17,15.0,20
594,17,15.0,20
595,17,19.0,20
596,17,22.0,20
597,17,16.0,20
598,17,16.0,20
599,17,17.0,20
600,17,18.0,21
601,17,16.0,21
602,17,17.0,21
603,17,17.0,21
604,17,15.0,21
605,17,15.0,21
606,17,16.0,21
607,17,16.0,21
608,17,16.0,21
609,17,20.0,21
610,17,18.0,21
611,17,15.0,21
612,17,17.0,21
613,17,15.0,21
614,17,15.0,21
615,17,15.0,21
616,17,20.0,21
617,17,20.0,21
618,17,17.0,21
619,17,15.0,21
620,17,15.0,21
621,17,18.0,21
622,17,15.0,21
623,17,19.0,21
624,17,16.0,21
625,17,16.0,21
626,17,17.0,21
627,17,16.0,21
628,17,15.0,21
629,17,16.0,21
630,17,17.0,22
631,17,15.0,22
632,17,15.0,22
633,17,15.0,22
634,17,16.0,22
635,17,15.0,22
636,17,15.0,22
637,17,17.0,22
638,17,15.0,22
639,17,16.0,22
640,17,15.0,22
641,17,21.0,22
642,17,16.0,22
643,17,15.0,22
644,17,21.0,22
645,17,19.0,22
646,17,19.0,22
647,17,17.0,22
648,17,16.0,22
649,17,16.0,22
650,17,15.0,22
651,17,16.0,22
652,17,15.0,22
653,17,16.0,22
654,17,16.0,22
655,17,18.0,22
656,17,15.0,22
657,17,17.0,22
658,17,17.0,22
659,17,17.0,22
660,17,15.0,23
661,17,15.0,23
662,17,17.0,23
663,17,18.0,23
664,17,16.0,23
665,17,15.0,23
666,17,16.0,23
667,17,15.0,23
668,17,16.0,23
669,17,15.0,23
670,17,16.0,23
671,17,17.0,23
672,17,17.0,23
673,17,17.0,23
674,17,18.0,23
675,17,15.0,23
676,17,16.0,23
677,17,15.0,23
678,17,19.0,23
679,17,16.0,23
680,17,15.0,23
681,17,16.0,23
682,17,16.0,23
683,17,20.0,23
684,17,17.0,23
685,17,15.0,23
686,17,17.0,23
687,17,15.0,23
688,17,21.0,23
689,17,15.0,23
690,17,17.0,24
691,17,17.0,24
692,17,17.0,24
693,17,15.0,24
694,17,21.0,24
695,17,18.0,24
696,17,15.0,24
697,17,15.0,24
698,17,15.0,24
699,17,16.0,24
700,17,16.0,24
701,17,15.0,24
702,17,15.0,24
703,17,15.0,24
704,17,15.0,24
705,17,16.0,24
706,17,16.0,24
707,17,15.0,24
708,17,15.0,24
709,17,16.0,24
710,17,15.0,24
711,17,15.0,24
712,17,15.0,24
713,17,15.0,24
714,17,16.0,24
715,17,16.0,24
716,17,15.0,24
717,17,16.0,24
718,17,17.0,24
719,17,16.0,24
720,17,17.0,25
721,17,16.0,25
722,17,15.0,25
723,17,18.0,25
724,17,16.0,25
725,17,18.0,25
726,17,16.0,25
727,17,15.0,25
728,17,15.0,25
729,17,15.0,25
730,17,18.0,25
731,17,20.0,25
732,17,16.0,25
733,17,16.0,25
734,17,16.0,25
735,17,15.0,25
736,17,17.0,25
737,17,15.0,25
738,17,15.0,25
739,17,15.0,25
740,17,19.0,25
741,17,15.0,25
742,17,16.0,25
743,17,15.0,25
744,17,16.0,25
745,17,17.0,25
746,17,20.0,25
747,17,16.0,25
748,17,17.0,25
749,17,18.0,25
750,17,15.0,26
751,17,16.0,26
752,17,17.0,26
753,17,17.0,26
754,17,15.0,26
755,17,15.0,26
756,17,19.0,26
757,17,16.0,26
758,17,16.0,26
759,17,16.0,26
760,17,16.0,26
761,17,15.0,26
762,17,17.0,26
763,17,16.0,26
764,17,16.0,26
765,17,15.0,26
766,17,15.0,26
767,17,15.0,26
768,17,17.0,26
769,17,17.0,26
770,17,15.0,26
771,17,15.0,26
772,17,15.0,26
773,17,15.0,26
774,17,21.0,26
775,17,18.0,26
776,17,17.0,26
777,17,16.0,26
778,17,16.0,26
779,17,15.0,26
780,17,17.0,27
781,17,15.0,27
782,17,15.0,27
783,17,15.0,27
784,17,15.0,27
785,17,17.0,27
786,17,15.0,27
787,17,19.0,27
788,17,15.0,27
789,17,15.0,27
790,17,15.0,27
791,17,15.0,27
792,17,16.0,27
793,17,16.0,27
794,17,15.0,27
795,17,16.0,27
796,17,16.0,27
797,17,15.0,27
798,17,15.0,27
799,17,17.0,27
800,17,16.0,27
801,17,16.0,27
802,17,17.0,27
803,17,18.0,27
804,17,16.0,27
805,17,15.0,27
806,17,15.0,27
807,17,17.0,27
808,17,16.0,27
809,17,16.0,27
810,17,15.0,28
811,17,15.0,28
812,17,15.0,28
813,17,18.0,28
814,17,16.0,28
815,17,15.0,28
816,17,16.0,28
817,17,16.0,28
818,17,16.0,28
819,17,17.0,28
820,17,16.0,28
821,17,15.0,28
822,17,15.0,28
823,17,16.0,28
824,17,16.0,28
825,17,15.0,28
826,17,16.0,28
827,17,16.0,28
828,17,16.0,28
829,17,17.0,28
830,17,15.0,28
831,17,15.0,28
832,17,16.0,28
833,17,15.0,28
834,17,15.0,28
835,17,15.0,28
836,17,15.0,28
837,17,16.0,28
838,17,15.0,28
839,17,15.0,28
840,17,17.0,29
841,17,16.0,29
842,17,16.0,29
843,17,15.0,29
844,17,15.0,29
845,17,17.0,29
846,17,16.0,29
847,17,15.0,29
848,17,15.0,29
849,17,15.0,29
850,17,15.0,29
851,17,15.0,29
852,17,16.0,29
853,17,16.0,29
854,17,17.0,29
855,17,15.0,29
856,17,15.0,29
857,17,15.0,29
858,17,16.0,29
859,17,15.0,29
860,17,16.0,29
861,17,15.0,29
862,17,16.0,29
863,17,15.0,29
864,17,15.0,29
865,17,15.0,29
866,17,17.0,29
867,17,16.0,29
868,17,16.0,29
869,17,15.0,29
870,17,15.0,30
871,17,15.0,30
872,17,16.0,30
873,17,15.0,30
874,17,15.0,30
875,17,15.0,30
876,17,15.0,30
877,17,16.0,30
878,17,15.0,30
879,17,15.0,30
880,17,16.0,30
881,17,15.0,30
882,17,15.0,30
883,17,16.0,30
884,17,15.0,30
885,17,15.0,30
886,17,16.0,30
887,17,15.0,30
888,17,15.0,30
889,17,16.0,30
890,17,17.0,30
891,17,16.0,30
892,17,16.0,30
893,17,15.0,30
894,17,15.0,30
895,17,15.0,30
896,17,15.0,30
897,17,15.0,30
898,17,15.0,30
899,17,16.0,30
900,17,15.0,31
901,17,15.0,31
902,17,15.0,31
903,17,15.0,31
904,17,15.0,31
905,17,16.0,31
906,17,15.0,31
907,17,16.0,31
908,17,15.0,31
909,17,16.0,31
910,17,15.0,31
911,17,15.0,31
912,17,16.0,31
913,17,15.0,31
914,17,16.0,31
915,17,16.0,31
916,17,15.0,31
917,17,15.0,31
918,17,15.0,31
919,17,15.0,31
920,17,15.0,31
921,17,15.0,31
922,17,15.0,31
923,17,15.0,31
924,17,15.0,31
925,17,15.0,31
926,17,16.0,31
927,17,15.0,31
928,17,15.0,31
929,17,15.0,31
930,17,15.0,32
931,17,15.0,32
932,17,15.0,32
933,17,15.0,32
934,17,15.0,32
935,17,15.0,32
936,17,15.0,32
937,17,15.0,32
938,17,15.0,32
939,17,16.0,32
940,17,15.0,32
941,17,15.0,32
942,17,15.0,32
943,17,15.0,32
944,17,15.0,32
945,17,15.0,32
946,17,15.0,32
947,17,15.0,32
948,17,15.0,32
949,17,15.0,32
950,17,15.0,32
951,17,15.0,32
952,17,15.0,32
953,17,15.0,32
954,17,16.0,32
955,17,15.0,32
956,17,15.0,32
957,17,16.0,32
958,17,15.0,32
959,17,15.0,32
960,17,22.0,33
961,17,20.0,33
962,17,22.0,33
963,17,19.0,33
964,17,21.0,33
965,17,22.0,33
966,17,22.0,33
967,17,22.0,33
968,17,22.0,33
969,17,21.0,33
970,17,21.0,33
971,17,22.0,33
972,17,20.0,33
973,17,21.0,33
974,17,19.0,33
975,17,18.0,33
976,17,22.0,33
977,17,21.0,33
978,17,22.0,33
979,17,20.0,33
980,17,21.0,33
981,17,22.0,33
982,17,20.0,33
983,17,22.0,33
984,17,18.0,33
985,17,22.0,33
986,17,20.0,33
987,17,22.0,33
988,17,21.0,33
989,17,22.0,33
990,17,22.0,34
991,17,22.0,34
992,17,22.0,34
993,17,22.0,34
994,17,16.0,34
995,17,21.0,34
996,17,19.0,34
997,17,22.0,34
998,17,22.0,34
999,17,22.0,34
1000,17,21.0,34
1001,17,22.0,34
1002,17,20.0,34
1003,17,19.0,34
1004,17,22.0,34
1005,17,18.0,34
1006,17,21.0,34
1007,17,19.0,34
1008,17,20.0,34
1009,17,22.0,34
1010,17,22.0,34
1011,17,18.0,34
1012,17,16.0,34
1013,17,20.0,34
1014,17,21.0,34
1015,17,20.0,34
1016,17,19.0,34
1017,17,22.0,34
1018,17,20.0,34
1019,17,20.0,34
1020,17,21.0,35
1021,17,20.0,35
1022,17,20.0,35
1023,17,22.0,35
1024,17,20.0,35
1025,17,19.0,35
1026,17,19.0,35
1027,17,21.0,35
1028,17,20.0,35
1029,17,21.0,35
1030,17,22.0,35
1031,17,21.0,35
1032,17,21.0,35
1033,17,22.0,35
1034,17,22.0,35
1035,17,20.0,35
1036,17,22.0,35
1037,17,18.0,35
1038,17,22.0,35
1039,17,19.0,35
1040,17,22.0,35
1041,17,17.0,35
1042,17,22.0,35
1043,17,21.0,35
1044,17,22.0,35
1045,17,21.0,35
1046,17,22.0,35
1047,17,22.0,35
1048,17,21.0,35
1049,17,21.0,35
1050,17,21.0,36
1051,17,22.0,36
1052,17,22.0,36
1053,17,21.0,36
1054,17,20.0,36
1055,17,22.0,36
1056,17,22.0,36
1057,17,22.0,36
1058,17,20.0,36
1059,17,22.0,36
1060,17,19.0,36
1061,17,20.0,36
1062,17,20.0,36
1063,17,22.0,36
1064,17,19.0,36
1065,17,22.0,36
1066,17,22.0,36
1067,17,22.0,36
1068,17,22.0,36
1069,17,22.0,36
1070,17,21.0,36
1071,17,20.0,36
1072,17,22.0,36
1073,17,21.0,36
1074,17,22.0,36
1075,17,22.0,36
1076,17,22.0,36
1077,17,22.0,36
1078,17,21.0,36
1079,17,21.0,36
1080,17,22.0,37
1081,17,22.0,37
1082,17,19.0,37
1083,17,22.0,37
1084,17,22.0,37
1085,17,22.0,37
1086,17,22.0,37
1087,17,20.0,37
1088,17,18.0,37
1089,17,22.0,37
1090,17,22.0,37
1091,17,22.0,37
1092,17,21.0,37
1093,17,21.0,37
1094,17,20.0,37
1095,17,20.0,37
1096,17,20.0,37
1097,17,20.0,37
1098,17,15.0,37
1099,17,21.0,37
1100,17,19.0,37
1101,17,21.0,37
1102,17,21.0,37
1103,17,20.0,37
1104,17,20.0,37
1105,17,18.0,37
1106,17,22.0,37
1107,17,20.0,37
1108,17,22.0,37
1109,17,21.0,37
1110,17,20.0,38
1111,17,18.0,38
1112,17,22.0,38
1113,17,20.0,38
1114,17,18.0,38
1115,17,21.0,38
1116,17,20.0,38
1117,17,20.0,38
1118,17,22.0,38
1119,17,21.0,38
1120,17,19.0,38
1121,17,20.0,38
1122,17,21.0,38
1123,17,22.0,38
1124,17,21.0,38
1125,17,19.0,38
1126,17,22.0,38
1127,17,22.0,38
1128,17,21.0,38
1129,17,16.0,38
1130,17,22.0,38
1131,17,22.0,38
1132,17,22.0,38
1133,17,22.0,38
1134,17,19.0,38
1135,17,20.0,38
1136,17,19.0,38
1137,17,21.0,38
1138,17,19.0,38
1139,17,20.0,38
1140,17,22.0,39
1141,17,22.0,39
1142,17,22.0,39
1143,17,16.0,39
1144,17,20.0,39
1145,17,21.0,39
1146,17,21.0,39
1147,17,21.0,39
1148,17,22.0,39
1149,17,22.0,39
1150,17,17.0,39
1151,17,20.0,39
1152,17,22.0,39
1153,17,22.0,39
1154,17,22.0,39
1155,17,22.0,39
1156,17,21.0,39
1157,17,19.0,39
1158,17,21.0,39
1159,17,22.0,39
1160,17,19.0,39
1161,17,22.0,39
1162,17,21.0,39
1163,17,21.0,39
1164,17,19.0,39
1165,17,20.0,39
1166,17,21.0,39
1167,17,20.0,39
1168,17,19.0,39
1169,17,21.0,39
1170,17,20.0,40
1171,17,17.0,40
1172,17,22.0,40
1173,17,22.0,40
1174,17,21.0,40
1175,17,22.0,40
1176,17,20.0,40
1177,17,22.0,40
1178,17,22.0,40
1179,17,22.0,40
1180,17,20.0,40
1181,17,22.0,40
1182,17,21.0,40
1183,17,16.0,40
1184,17,21.0,40
1185,17,21.0,40
1186,17,21.0,40
1187,17,18.0,40
1188,17,22.0,40
1189,17,22.0,40
1190,17,21.0,40
1191,17,22.0,40
1192,17,20.0,40
1193,17,21.0,40
1194,17,22.0,40
1195,17,22.0,40
1196,17,21.0,40
1197,17,22.0,40
1198,17,22.0,40
1199,17,19.0,40
1200,17,22.0,41
1201,17,22.0,41
1202,17,20.0,41
1203,17,21.0,41
1204,17,21.0,41
1205,17,19.0,41
1206,17,19.0,41
1207,17,20.0,41
1208,17,21.0,41
1209,17,21.0,41
1210,17,22.0,41
1211,17,22.0,41
1212,17,22.0,41
1213,17,22.0,41
1214,17,20.0,41
1215,17,22.0,41
1216,17,22.0,41
1217,17,19.0,41
1218,17,17.0,41
1219,17,21.0,41
1220,17,20.0,41
1221,17,21.0,41
1222,17,22.0,41
1223,17,18.0,41
1224,17,21.0,41
1225,17,22.0,41
1226,17,22.0,41
1227,17,20.0,41
1228,17,22.0,41
1229,17,21.0,41
1230,17,20.0,42
1231,17,22.0,42
1232,17,21.0,42
1233,17,22.0,42
1234,17,20.0,42
1235,17,21.0,42
1236,17,21.0,42
1237,17,18.0,42
1238,17,19.0,42
1239,17,21.0,42
1240,17,22.0,42
1241,17,21.0,42
1242,17,22.0,42
1243,17,20.0,42
1244,17,16.0,42
1245,17,20.0,42
1246,17,21.0,42
1247,17,22.0,42
1248,17,21.0,42
1249,17,20.0,42
1250,17,20.0,42
1251,17,22.0,42
1252,17,21.0,42
1253,17,20.0,42
1254,17,20.0,42
1255,17,22.0,42
1256,17,21.0,42
1257,17,17.0,42
1258,17,20.0,42
1259,17,21.0,42
1260,17,22.0,43
1261,17,18.0,43
1262,17,22.0,43
1263,17,21.0,43
1264,17,21.0,43
1265,17,21.0,43
1266,17,20.0,43
1267,17,16.0,43
1268,17,21.0,43
1269,17,22.0,43
1270,17,19.0,43
1271,17,21.0,43
1272,17,20.0,43
1273,17,22.0,43
1274,17,21.0,43
1275,17,22.0,43
1276,17,22.0,43
1277,17,20.0,43
1278,17,21.0,43
1279,17,22.0,43
1280,17,19.0,43
1281,17,18.0,43
1282,17,20.0,43
1283,17,19.0,43
1284,17,21.0,43
1285,17,19.0,43
1286,17,20.0,43
1287,17,22.0,43
1288,17,22.0,43
1289,17,21.0,43
1290,17,18.0,44
1291,17,22.0,44
1292,17,22.0,44
1293,17,22.0,44
1294,17,21.0,44
1295,17,22.0,44
1296,17,21.0,44
1297,17,22.0,44
1298,17,21.0,44
1299,17,21.0,44
1300,17,20.0,44
1301,17,18.0,44
1302,17,21.0,44
1303,17,22.0,44
1304,17,22.0,44
1305,17,21.0,44
1306,17,18.0,44
1307,17,16.0,44
1308,17,22.0,44
1309,17,22.0,44
1310,17,17.0,44
1311,17,21.0,44
1312,17,21.0,44
1313,17,21.0,44
1314,17,18.0,44
1315,17,20.0,44
1316,17,22.0,44
1317,17,22.0,44
1318,17,22.0,44
1319,17,22.0,44
1320,17,21.0,45
1321,17,22.0,45
1322,17,22.0,45
1323,17,22.0,45
1324,17,22.0,45
1325,17,20.0,45
1326,17,19.0,45
1327,17,18.0,45
1328,17,22.0,45
1329,17,20.0,45
1330,17,21.0,45
1331,17,22.0,45
1332,17,22.0,45
1333,17,22.0,45
1334,17,22.0,45
1335,17,21.0,45
1336,17,21.0,45
1337,17,22.0,45
1338,17,21.0,45
1339,17,20.0,45
1340,17,20.0,45
1341,17,21.0,45
1342,17,19.0,45
1343,17,21.0,45
1344,17,21.0,45
1345,17,22.0,45
1346,17,20.0,45
1347,17,20.0,45
1348,17,21.0,45
1349,17,22.0,45
1350,17,20.0,46
1351,17,19.0,46
1352,17,21.0,46
1353,17,21.0,46
1354,17,18.0,46
1355,17,20.0,46
1356,17,22.0,46
1357,17,19.0,46
1358,17,22.0,46
1359,17,18.0,46
1360,17,22.0,46
1361,17,21.0,46
1362,17,20.0,46
1363,17,22.0,46
1364,17,22.0,46
1365,17,22.0,46
1366,17,21.0,46
1367,17,21.0,46
1368,17,22.0,46
1369,17,19.0,46
1370,17,21.0,46
1371,17,22.0,46
1372,17,18.0,46
1373,17,20.0,46
1374,17,18.0,46
1375,17,22.0,46
1376,17,22.0,46
1377,17,20.0,46
1378,17,22.0,46
1379,17,20.0,46
1380,17,22.0,47
1381,17,17.0,47
1382,17,20.0,47
1383,17,16.0,47
1384,17,21.0,47
1385,17,21.0,47
1386,17,22.0,47
1387,17,21.0,47
1388,17,22.0,47
1389,17,17.0,47
1390,17,22.0,47
1391,17,22.0,47
1392,17,20.0,47
1393,17,21.0,47
1394,17,22.0,47
1395,17,21.0,47
1396,17,21.0,47
1397,17,20.0,47
1398,17,22.0,47
1399,17,22.0,47
1400,17,20.0,47
1401,17,19.0,47
1402,17,22.0,47
1403,17,21.0,47
1404,17,20.0,47
1405,17,22.0,47
1406,17,20.0,47
1407,17,21.0,47
1408,17,18.0,47
1409,17,22.0,47
1410,17,22.0,48
1411,17,22.0,48
1412,17,20.0,48
1413,17,22.0,48
1414,17,22.0,48
1415,17,21.0,48
1416,17,20.0,48
1417,17,20.0,48
1418,17,21.0,48
1419,17,18.0,48
1420,17,19.0,48
1421,17,22.0,48
1422,17,20.0,48
1423,17,21.0,48
1424,17,22.0,48
1425,17,19.0,48
1426,17,21.0,48
1427,17,17.0,48
1428,17,20.0,48
1429,17,22.0,48
1430,17,21.0,48
1431,17,22.0,48
1432,17,21.0,48
1433,17,21.0,48
1434,17,21.0,48
1435,17,22.0,48
1436,17,19.0,48
1437,17,22.0,48
1438,17,20.0,48
1439,17,20.0,48
1440,17,22.0,49
1441,17,19.0,49
1442,17,18.0,49
1443,17,21.0,49
1444,17,21.0,49
1445,17,21.0,49
1446,17,20.0,49
1447,17,22.0,49
1448,17,22.0,49
1449,17,22.0,49
1450,17,21.0,49
1451,17,22.0,49
1452,17,19.0,49
1453,17,19.0,49
1454,17,22.0,49
1455,17,20.0,49
1456,17,22.0,49
1457,17,21.0,49
1458,17,21.0,49
1459,17,16.0,49
1460,17,22.0,49
1461,17,20.0,49
1462,17,19.0,49
1463,17,22.0,49
1464,17,20.0,49
1465,17,22.0,49
1466,17,19.0,49
1467,17,22.0,49
1468,17,21.0,49
1469,17,22.0,49
1470,17,22.0,50
1471,17,22.0,50
1472,17,22.0,50
1473,17,22.0,50
1474,17,22.0,50
1475,17,22.0,50
1476,17,22.0,50
1477,17,22.0,50
1478,17,20.0,50
1479,17,16.0,50
1480,17,20.0,50
1481,17,22.0,50
1482,17,21.0,50
1483,17,21.0,50
1484,17,20.0,50
1485,17,21.0,50
1486,17,22.0,50
1487,17,21.0,50
1488,17,20.0,50
1489,17,22.0,50
1490,17,22.0,50
1491,17,22.0,50
1492,17,22.0,50
1493,17,18.0,50
1494,17,19.0,50
1495,17,21.0,50
1496,17,21.0,50
1497,17,17.0,50
1498,17,21.0,50
1499,17,22.0,50
1500,17,22.0,51
1501,17,20.0,51
1502,17,22.0,51
1503,17,20.0,51
1504,17,19.0,51
1505,17,22.0,51
1506,17,22.0,51
1507,17,21.0,51
1508,17,21.0,51
1509,17,22.0,51
1510,17,22.0,51
1511,17,21.0,51
1512,17,20.0,51
1513,17,20.0,51
1514,17,21.0,51
1515,17,20.0,51
1516,17,21.0,51
1517,17,18.0,51
1518,17,22.0,51
1519,17,22.0,51
1520,17,20.0,51
1521,17,22.0,51
1522,17,19.0,51
1523,17,22.0,51
1524,17,19.0,51
1525,17,22.0,51
1526,17,22.0,51
1527,17,22.0,51
1528,17,21.0,51
1529,17,22.0,51
1530,17,21.0,52
1531,17,21.0,52
1532,17,21.0,52
1533,17,22.0,52
1534,17,21.0,52
1535,17,22.0,52
1536,17,21.0,52
1537,17,20.0,52
1538,17,22.0,52
1539,17,22.0,52
1540,17,20.0,52
1541,17,22.0,52
1542,17,21.0,52
1543,17,20.0,52
1544,17,21.0,52
1545,17,22.0,52
1546,17,21.0,52
1547,17,21.0,52
1548,17,21.0,52
1549,17,20.0,52
1550,17,19.0,52
1551,17,22.0,52
1552,17,20.0,52
1553,17,21.0,52
1554,17,22.0,52
1555,17,22.0,52
1556,17,21.0,52
1557,17,22.0,52
1558,17,22.0,52
1559,17,22.0,52
1560,17,18.0,53
1561,17,22.0,53
1562,17,18.0,53
1563,17,22.0,53
1564,17,21.0,53
1565,17,21.0,53
1566,17,22.0,53
1567,17,22.0,53
1568,17,18.0,53
1569,17,18.0,53
1570,17,22.0,53
1571,17,22.0,53
1572,17,20.0,53
1573,17,22.0,53
1574,17,22.0,53
1575,17,22.0,53
1576,17,22.0,53
1577,17,22.0,53
1578,17,22.0,53
1579,17,22.0,53
1580,17,21.0,53
1581,17,22.0,53
1582,17,20.0,53
1583,17,22.0,53
1584,17,18.0,53
1585,17,22.0,53
1586,17,22.0,53
1587,17,22.0,53
1588,17,22.0,53
1589,17,22.0,53
1590,17,21.0,54
1591,17,21.0,54
1592,17,22.0,54
1593,17,22.0,54
1594,17,22.0,54
1595,17,22.0,54
1596,17,22.0,54
1597,17,22.0,54
1598,17,22.0,54
1599,17,22.0,54
1600,17,22.0,54
1601,17,22.0,54
1602,17,22.0,54
1603,17,21.0,54
1604,17,22.0,54
1605,17,21.0,54
1606,17,22.0,54
1607,17,22.0,54
1608,17,22.0,54
1609,17,19.0,54
1610,17,20.0,54
1611,17,22.0,54
1612,17,22.0,54
1613,17,22.0,54
1614,17,22.0,54
1615,17,22.0,54
1616,17,20.0,54
1617,17,22.0,54
1618,17,22.0,54
1619,17,20.0,54
1620,17,22.0,55
1621,17,21.0,55
1622,17,19.0,55
1623,17,22.0,55
1624,17,19.0,55
1625,17,20.0,55
1626,17,22.0,55
1627,17,18.0,55
1628,17,21.0,55
1629,17,22.0,55
1630,17,19.0,55
1631,17,20.0,55
1632,17,21.0,55
1633,17,21.0,55
1634,17,22.0,55
1635,17,22.0,55
1636,17,21.0,55
1637,17,20.0,55
1638,17,21.0,55
1639,17,20.0,55
1640,17,21.0,55
1641,17,22.0,55
1642,17,19.0,55
1643,17,22.0,55
1644,17,22.0,55
1645,17,22.0,55
1646,17,22.0,55
1647,17,22.0,55
1648,17,22.0,55
1649,17,22.0,55
1650,17,20.0,56
1651,17,19.0,56
1652,17,22.0,56
1653,17,22.0,56
1654,17,19.0,56
1655,17,22.0,56
1656,17,22.0,56
1657,17,22.0,56
1658,17,21.0,56
1659,17,21.0,56
1660,17,20.0,56
1661,17,20.0,56
1662,17,21.0,56
1663,17,20.0,56
1664,17,19.0,56
1665,17,22.0,56
1666,17,22.0,56
1667,17,21.0,56
1668,17,22.0,56
1669,17,21.0,56
1670,17,22.0,56
1671,17,22.0,56
1672,17,22.0,56
1673,17,21.0,56
1674,17,20.0,56
1675,17,21.0,56
1676,17,22.0,56
1677,17,21.0,56
1678,17,21.0,56
1679,17,22.0,56
1680,17,21.0,57
1681,17,21.0,57
1682,17,22.0,57
1683,17,20.0,57
1684,17,21.0,57
1685,17,21.0,57
1686,17,21.0,57
1687,17,22.0,57
1688,17,20.0,57
1689,17,22.0,57
1690,17,21.0,57
1691,17,22.0,57
1692,17,18.0,57
1693,17,21.0,57
1694,17,22.0,57
1695,17,22.0,57
1696,17,22.0,57
1697,17,22.0,57
1698,17,21.0,57
1699,17,20.0,57
1700,17,21.0,57
1701,17,22.0,57
1702,17,22.0,57
1703,17,21.0,57
1704,17,20.0,57
1705,17,22.0,57
1706,17,22.0,57
1707,17,22.0,57
1708,17,18.0,57
1709,17,20.0,57
1710,17,21.0,58
1711,17,22.0,58
1712,17,22.0,58
1713,17,19.0,58
1714,17,22.0,58
1715,17,20.0,58
1716,17,22.0,58
1717,17,21.0,58
1718,17,21.0,58
1719,17,21.0,58
1720,17,21.0,58
1721,17,19.0,58
1722,17,22.0,58
1723,17,21.0,58
1724,17,22.0,58
1725,17,19.0,58
1726,17,21.0,58
1727,17,21.0,58
1728,17,22.0,58
1729,17,21.0,58
1730,17,21.0,58
1731,17,22.0,58
1732,17,20.0,58
1733,17,21.0,58
1734,17,22.0,58
1735,17,20.0,58
1736,17,19.0,58
1737,17,19.0,58
1738,17,22.0,58
1739,17,22.0,58
1740,17,20.0,59
1741,17,21.0,59
1742,17,22.0,59
1743,17,22.0,59
1744,17,22.0,59
1745,17,22.0,59
1746,17,22.0,59
1747,17,21.0,59
1748,17,21.0,59
1749,17,22.0,59
1750,17,22.0,59
1751,17,21.0,59
1752,17,22.0,59
1753,17,21.0,59
1754,17,22.0,59
1755,17,21.0,59
1756,17,21.0,59
1757,17,22.0,59
1758,17,22.0,59
1759,17,22.0,59
1760,17,22.0,59
1761,17,21.0,59
1762,17,21.0,59
1763,17,22.0,59
1764,17,22.0,59
1765,17,22.0,59
1766,17,21.0,59
1767,17,22.0,59
1768,17,22.0,59
1769,17,22.0,59
1770,17,22.0,60
1771,17,22.0,60
1772,17,22.0,60
1773,17,22.0,60
1774,17,22.0,60
1775,17,21.0,60
1776,17,22.0,60
1777,17,20.0,60
1778,17,22.0,60
1779,17,22.0,60
1780,17,22.0,60
1781,17,20.0,60
1782,17,21.0,60
1783,17,21.0,60
1784,17,22.0,60
1785,17,22.0,60
1786,17,21.0,60
1787,17,19.0,60
1788,17,22.0,60
1789,17,20.0,60
1790,17,22.0,60
1791,17,21.0,60
1792,17,22.0,60
1793,17,18.0,60
1794,17,22.0,60
1795,17,21.0,60
1796,17,22.0,60
1797,17,20.0,60
1798,17,22.0,60
1799,17,22.0,60
1800,17,21.0,61
1801,17,20.0,61
1802,17,21.0,61
1803,17,21.0,61
1804,17,19.0,61
1805,17,22.0,61
1806,17,22.0,61
1807,17,17.0,61
1808,17,21.0,61
1809,17,20.0,61
1810,17,22.0,61
1811,17,22.0,61
1812,17,19.0,61
1813,17,22.0,61
1814,17,20.0,61
1815,17,21.0,61
1816,17,22.0,61
1817,17,22.0,61
1818,17,22.0,61
1819,17,22.0,61
1820,17,21.0,61
1821,17,22.0,61
1822,17,20.0,61
1823,17,18.0,61
1824,17,22.0,61
1825,17,22.0,61
1826,17,21.0,61
1827,17,19.0,61
1828,17,18.0,61
1829,17,22.0,61
1830,17,21.0,62
1831,17,20.0,62
1832,17,22.0,62
1833,17,20.0,62
1834,17,21.0,62
1835,17,22.0,62
1836,17,22.0,62
1837,17,21.0,62
1838,17,22.0,62
1839,17,17.0,62
1840,17,19.0,62
1841,17,22.0,62
1842,17,22.0,62
1843,17,18.0,62
1844,17,21.0,62
1845,17,22.0,62
1846,17,22.0,62
1847,17,20.0,62
1848,17,21.0,62
1849,17,21.0,62
1850,17,22.0,62
1851,17,22.0,62
1852,17,20.0,62
1853,17,20.0,62
1854,17,22.0,62
1855,17,20.0,62
1856,17,18.0,62
1857,17,21.0,62
1858,17,20.0,62
1859,17,16.0,62
1860,17,20.0,63
1861,17,22.0,63
1862,17,21.0,63
1863,17,22.0,63
1864,17,17.0,63
1865,17,21.0,63
1866,17,22.0,63
1867,17,21.0,63
1868,17,22.0,63
1869,17,15.0,63
1870,17,20.0,63
1871,17,22.0,63
1872,17,19.0,63
1873,17,22.0,63
1874,17,20.0,63
1875,17,19.0,63
1876,17,19.0,63
1877,17,22.0,63
1878,17,19.0,63
1879,17,19.0,63
1880,17,19.0,63
1881,17,20.0,63
1882,17,16.0,63
1883,17,17.0,63
1884,17,20.0,63
1885,17,19.0,63
1886,17,22.0,63
1887,17,15.0,63
1888,17,22.0,63
1889,17,22.0,63
1890,17,20.0,64
1891,17,21.0,64
1892,17,22.0,64
1893,17,22.0,64
1894,17,22.0,64
1895,17,18.0,64
1896,17,20.0,64
1897,17,22.0,64
1898,17,17.0,64
1899,17,22.0,64
1900,17,21.0,64
1901,17,22.0,64
1902,17,21.0,64
1903,17,19.0,64
1904,17,21.0,64
1905,17,20.0,64
1906,17,21.0,64
1907,17,22.0,64
1908,17,17.0,64
1909,17,22.0,64
1910,17,16.0,64
1911,17,20.0,64
1912,17,22.0,64
1913,17,15.0,64
1914,17,17.0,64
1915,17,21.0,64
1916,17,21.0,64
1917,17,19.0,64
1918,17,19.0,64
1919,17,22.0,64
1920,17,22.0,65
1921,17,20.0,65
1922,17,17.0,65
1923,17,19.0,65
1924,17,20.0,65
1925,17,21.0,65
1926,17,18.0,65
1927,17,21.0,65
1928,17,17.0,65
1929,17,22.0,65
1930,17,21.0,65
1931,17,21.0,65
1932,17,21.0,65
1933,17,22.0,65
1934,17,16.0,65
1935,17,20.0,65
1936,17,19.0,65
1937,17,22.0,65
1938,17,19.0,65
1939,17,17.0,65
1940,17,21.0,65
1941,17,20.0,65
1942,17,22.0,65
1943,17,20.0,65
1944,17,19.0,65
1945,17,21.0,65
1946,17,21.0,65
1947,17,18.0,65
1948,17,17.0,65
1949,17,18.0,65
1950,17,20.0,66
1951,17,18.0,66
1952,17,17.0,66
1953,17,22.0,66
1954,17,18.0,66
1955,17,22.0,66
1956,17,22.0,66
1957,17,21.0,66
1958,17,21.0,66
1959,17,15.0,66
1960,17,19.0,66
1961,17,18.0,66
1962,17,17.0,66
1963,17,17.0,66
1964,17,19.0,66
1965,17,19.0,66
1966,17,20.0,66
1967,17,17.0,66
1968,17,22.0,66
1969,17,20.0,66
1970,17,20.0,66
1971,17,15.0,66
1972,17,18.0,66
1973,17,20.0,66
1974,17,22.0,66
1975,17,21.0,66
1976,17,17.0,66
1977,17,21.0,66
1978,17,21.0,66
1979,17,19.0,66
1980,17,22.0,67
1981,17,18.0,67
1982,17,22.0,67
1983,17,22.0,67
1984,17,22.0,67
1985,17,18.0,67
1986,17,22.0,67
1987,17,21.0,67
1988,17,22.0,67
1989,17,19.0,67
1990,17,22.0,67
1991,17,16.0,67
1992,17,22.0,67
1993,17,17.0,67
1994,17,22.0,67
1995,17,15.0,67
1996,17,18.0,67
1997,17,21.0,67
1998,17,21.0,67
1999,17,18.0,67
2000,17,20.0,67
2001,17,15.0,67
2002,17,18.0,67
2003,17,21.0,67
2004,17,21.0,67
2005,17,22.0,67
2006,17,18.0,67
2007,17,15.0,67
2008,17,19.0,67
2009,17,19.0,67
2010,17,19.0,68
2011,17,22.0,68
2012,17,17.0,68
2013,17,22.0,68
2014,17,22.0,68
2015,17,17.0,68
2016,17,22.0,68
2017,17,21.0,68
2018,17,19.0,68
2019,17,22.0,68
2020,17,20.0,68
2021,17,19.0,68
2022,17,16.0,68
2023,17,19.0,68
2024,17,19.0,68
2025,17,18.0,68
2026,17,19.0,68
2027,17,19.0,68
2028,17,17.0,68
2029,17,20.0,68
2030,17,17.0,68
2031,17,18.0,68
2032,17,16.0,68
2033,17,15.0,68
2034,17,22.0,68
2035,17,22.0,68
2036,17,22.0,68
2037,17,19.0,68
2038,17,17.0,68
2039,17,16.0,68
2040,17,22.0,69
2041,17,21.0,69
2042,17,22.0,69
2043,17,15.0,69
2044,17,21.0,69
2045,17,17.0,69
2046,17,20.0,69
2047,17,20.0,69
2048,17,21.0,69
2049,17,19.0,69
2050,17,20.0,69
2051,17,19.0,69
2052,17,16.0,69
2053,17,22.0,69
2054,17,21.0,69
2055,17,22.0,69
2056,17,15.0,69
2057,17,18.0,69
2058,17,20.0,69
2059,17,22.0,69
2060,17,19.0,69
2061,17,18.0,69
2062,17,20.0,69
2063,17,19.0,69
2064,17,22.0,69
2065,17,22.0,69
2066,17,17.0,69
2067,17,15.0,69
2068,17,22.0,69
2069,17,21.0,69
2070,17,22.0,70
2071,17,22.0,70
2072,17,22.0,70
2073,17,22.0,70
2074,17,17.0,70
2075,17,17.0,70
2076,17,21.0,70
2077,17,20.0,70
2078,17,22.0,70
2079,17,15.0,70
2080,17,20.0,70
2081,17,21.0,70
2082,17,21.0,70
2083,17,21.0,70
2084,17,18.0,70
2085,17,19.0,70
2086,17,21.0,70
2087,17,22.0,70
2088,17,15.0,70
2089,17,20.0,70
2090,17,16.0,70
2091,17,15.0,70
2092,17,17.0,70
2093,17,22.0,70
2094,17,18.0,70
2095,17,16.0,70
2096,17,22.0,70
2097,17,15.0,70
2098,17,16.0,70
2099,17,18.0,70
2100,17,17.0,71
2101,17,20.0,71
2102,17,17.0,71
2103,17,21.0,71
2104,17,17.0,71
2105,17,20.0,71
2106,17,19.0,71
2107,17,19.0,71
2108,17,17.0,71
2109,17,17.0,71
2110,17,20.0,71
2111,17,17.0,71
2112,17,18.0,71
2113,17,21.0,71
2114,17,17.0,71
2115,17,19.0,71
2116,17,15.0,71
2117,17,21.0,71
2118,17,22.0,71
2119,17,21.0,71
2120,17,21.0,71
2121,17,22.0,71
2122,17,17.0,71
2123,17,16.0,71
2124,17,16.0,71
2125,17,17.0,71
2126,17,17.0,71
2127,17,21.0,71
2128,17,21.0,71
2129,17,20.0,71
2130,17,18.0,72
2131,17,16.0,72
2132,17,17.0,72
2133,17,18.0,72
2134,17,19.0,72
2135,17,21.0,72
2136,17,17.0,72
2137,17,15.0,72
2138,17,22.0,72
2139,17,22.0,72
2140,17,18.0,72
2141,17,19.0,72
2142,17,21.0,72
2143,17,16.0,72
2144,17,20.0,72
2145,17,17.0,72
2146,17,17.0,72
2147,17,18.0,72
2148,17,22.0,72
2149,17,21.0,72
2150,17,19.0,72
2151,17,18.0,72
2152,17,21.0,72
2153,17,18.0,72
2154,17,22.0,72
2155,17,18.0,72
2156,17,15.0,72
2157,17,18.0,72
2158,17,22.0,72
2159,17,15.0,72
2160,17,18.0,73
2161,17,22.0,73
2162,17,21.0,73
2163,17,20.0,73
2164,17,20.0,73
2165,17,17.0,73
2166,17,18.0,73
2167,17,22.0,73
2168,17,19.0,73
2169,17,20.0,73
2170,17,20.0,73
2171,17,20.0,73
2172,17,20.0,73
2173,17,18.0,73
2174,17,21.0,73
2175,17,19.0,73
2176,17,21.0,73
2177,17,22.0,73
2178,17,18.0,73
2179,17,22.0,73
2180,17,19.0,73
2181,17,20.0,73
2182,17,21.0,73
2183,17,21.0,73
2184,17,20.0,73
2185,17,22.0,73
2186,17,16.0,73
2187,17,22.0,73
2188,17,22.0,73
2189,17,19.0,73
2190,17,20.0,74
2191,17,17.0,74
2192,17,20.0,74
2193,17,21.0,74
2194,17,19.0,74
2195,17,17.0,74
2196,17,19.0,74
2197,17,17.0,74
2198,17,21.0,74
2199,17,22.0,74
2200,17,18.0,74
2201,17,17.0,74
2202,17,22.0,74
2203,17,18.0,74
2204,17,15.0,74
2205,17,19.0,74
2206,17,16.0,74
2207,17,21.0,74
2208,17,16.0,74
2209,17,16.0,74
2210,17,16.0,74
2211,17,20.0,74
2212,17,19.0,74
2213,17,21.0,74
2214,17,19.0,74
2215,17,21.0,74
2216,17,21.0,74
2217,17,16.0,74
2218,17,22.0,74
2219,17,19.0,74
2220,17,15.0,75
2221,17,21.0,75
2222,17,20.0,75
2223,17,19.0,75
2224,17,15.0,75
2225,17,21.0,75
2226,17,15.0,75
2227,17,21.0,75
2228,17,22.0,75
2229,17,17.0,75
2230,17,16.0,75
2231,17,22.0,75
2232,17,22.0,75
2233,17,15.0,75
2234,17,22.0,75
2235,17,19.0,75
2236,17,15.0,75
2237,17,22.0,75
2238,17,19.0,75
2239,17,21.0,75
2240,17,22.0,75
2241,17,16.0,75
2242,17,22.0,75
2243,17,21.0,75
2244,17,17.0,75
2245,17,20.0,75
2246,17,20.0,75
2247,17,17.0,75
2248,17,21.0,75
2249,17,18.0,75
2250,17,19.0,76
2251,17,16.0,76
2252,17,21.0,76
2253,17,22.0,76
2254,17,17.0,76
2255,17,18.0,76
2256,17,16.0,76
2257,17,19.0,76
2258,17,15.0,76
2259,17,17.0,76
2260,17,20.0,76
2261,17,15.0,76
2262,17,22.0,76
2263,17,18.0,76
2264,17,17.0,76
2265,17,21.0,76
2266,17,16.0,76
2267,17,17.0,76
2268,17,16.0,76
2269,17,20.0,76
2270,17,20.0,76
2271,17,20.0,76
2272,17,21.0,76
2273,17,22.0,76
2274,17,21.0,76
2275,17,17.0,76
2276,17,18.0,76
2277,17,21.0,76
2278,17,19.0,76
2279,17,22.0,76
2280,17,22.0,77
2281,17,17.0,77
2282,17,21.0,77
2283,17,22.0,77
2284,17,22.0,77
2285,17,17.0,77
2286,17,21.0,77
2287,17,22.0,77
2288,17,20.0,77
2289,17,20.0,77
2290,17,20.0,77
2291,17,19.0,77
2292,17,19.0,77
2293,17,19.0,77
2294,17,16.0,77
2295,17,15.0,77
2296,17,18.0,77
2297,17,18.0,77
2298,17,19.0,77
2299,17,22.0,77
2300,17,20.0,77
2301,17,22.0,77
2302,17,18.0,77
2303,17,22.0,77
2304,17,22.0,77
2305,17,18.0,77
2306,17,15.0,77
2307,17,20.0,77
2308,17,19.0,77
2309,17,19.0,77
2310,17,21.0,78
2311,17,16.0,78
2312,17,18.0,78
2313,17,18.0,78
2314,17,15.0,78
2315,17,20.0,78
2316,17,18.0,78
2317,17,20.0,78
2318,17,19.0,78
2319,17,21.0,78
2320,17,17.0,78
2321,17,22.0,78
2322,17,21.0,78
2323,17,16.0,78
2324,17,20.0,78
2325,17,15.0,78
2326,17,16.0,78
2327,17,19.0,78
2328,17,21.0,78
2329,17,18.0,78
2330,17,16.0,78
2331,17,17.0,78
2332,17,15.0,78
2333,17,22.0,78
2334,17,17.0,78
2335,17,22.0,78
2336,17,20.0,78
2337,17,22.0,78
2338,17,18.0,78
2339,17,18.0,78
2340,17,19.0,79
2341,17,19.0,79
2342,17,17.0,79
2343,17,22.0,79
2344,17,18.0,79
2345,17,21.0,79
2346,17,20.0,79
2347,17,22.0,79
2348,17,16.0,79
2349,17,19.0,79
2350,17,22.0,79
2351,17,19.0,79
2352,17,21.0,79
2353,17,22.0,79
2354,17,22.0,79
2355,17,22.0,79
2356,17,18.0,79
2357,17,22.0,79
2358,17,19.0,79
2359,17,20.0,79
2360,17,21.0,79
2361,17,17.0,79
2362,17,21.0,79
2363,17,19.0,79
2364,17,17.0,79
2365,17,18.0,79
2366,17,21.0,79
2367,17,16.0,79
2368,17,16.0,79
2369,17,19.0,79
2370,17,16.0,80
2371,17,17.0,80
2372,17,18.0,80
2373,17,19.0,80
2374,17,19.0,80
2375,17,18.0,80
2376,17,21.0,80
2377,17,22.0,80
2378,17,19.0,80
2379,17,18.0,80
2380,17,22.0,80
2381,17,22.0,80
2382,17,20.0,80
2383,17,17.0,80
2384,17,19.0,80
2385,17,20.0,80
2386,17,15.0,80
2387,17,18.0,80
2388,17,15.0,80
2389,17,15.0,80
2390,17,21.0,80
2391,17,21.0,80
2392,17,19.0,80
2393,17,22.0,80
2394,17,20.0,80
2395,17,20.0,80
2396,17,18.0,80
2397,17,20.0,80
2398,17,20.0,80
2399,17,22.0,80
2400,17,16.0,81
2401,17,22.0,81
2402,17,20.0,81
2403,17,22.0,81
2404,17,17.0,81
2405,17,20.0,81
2406,17,20.0,81
2407,17,22.0,81
2408,17,20.0,81
2409,17,15.0,81
2410,17,19.0,81
2411,17,17.0,81
2412,17,16.0,81
2413,17,21.0,81
2414,17,15.0,81
2415,17,20.0,81
2416,17,21.0,81
2417,17,17.0,81
2418,17,16.0,81
2419,17,16.0,81
2420,17,21.0,81
2421,17,18.0,81
2422,17,15.0,81
2423,17,20.0,81
2424,17,15.0,81
2425,17,21.0,81
2426,17,20.0,81
2427,17,22.0,81
2428,17,17.0,81
2429,17,15.0,81
2430,17,16.0,82
2431,17,16.0,82
2432,17,21.0,82
2433,17,19.0,82
2434,17,22.0,82
2435,17,16.0,82
2436,17,16.0,82
2437,17,22.0,82
2438,17,15.0,82
2439,17,19.0,82
2440,17,16.0,82
2441,17,22.0,82
2442,17,20.0,82
2443,17,20.0,82
2444,17,18.0,82
2445,17,17.0,82
2446,17,21.0,82
2447,17,21.0,82
2448,17,22.0,82
2449,17,21.0,82
2450,17,18.0,82
2451,17,17.0,82
2452,17,18.0,82
2453,17,21.0,82
2454,17,15.0,82
2455,17,16.0,82
2456,17,22.0,82
2457,17,22.0,82
2458,17,15.0,82
2459,17,15.0,82
2460,17,18.0,83
2461,17,22.0,83
2462,17,16.0,83
2463,17,17.0,83
2464,17,18.0,83
2465,17,16.0,83
2466,17,16.0,83
2467,17,17.0,83
2468,17,21.0,83
2469,17,18.0,83
2470,17,21.0,83
2471,17,17.0,83
2472,17,18.0,83
2473,17,20.0,83
2474,17,22.0,83
2475,17,20.0,83
2476,17,19.0,83
2477,17,15.0,83
2478,17,20.0,83
2479,17,21.0,83
2480,17,22.0,83
2481,17,19.0,83
2482,17,22.0,83
2483,17,17.0,83
2484,17,21.0,83
2485,17,22.0,83
2486,17,15.0,83
2487,17,19.0,83
2488,17,17.0,83
2489,17,15.0,83
2490,17,21.0,84
2491,17,19.0,84
2492,17,19.0,84
2493,17,19.0,84
2494,17,19.0,84
2495,17,16.0,84
2496,17,15.0,84
2497,17,22.0,84
2498,17,16.0,84
2499,17,22.0,84
2500,17,16.0,84
2501,17,15.0,84
2502,17,20.0,84
2503,17,21.0,84
2504,17,20.0,84
2505,17,22.0,84
2506,17,20.0,84
2507,17,19.0,84
2508,17,16.0,84
2509,17,17.0,84
2510,17,20.0,84
2511,17,17.0,84
2512,17,18.0,84
2513,17,22.0,84
2514,17,19.0,84
2515,17,20.0,84
2516,17,20.0,84
2517,17,20.0,84
2518,17,15.0,84
2519,17,20.0,84
2520,17,18.0,85
2521,17,19.0,85
2522,17,19.0,85
2523,17,15.0,85
2524,17,16.0,85
2525,17,22.0,85
2526,17,16.0,85
2527,17,15.0,85
2528,17,15.0,85
2529,17,17.0,85
2530,17,18.0,85
2531,17,16.0,85
2532,17,16.0,85
2533,17,15.0,85
2534,17,15.0,85
2535,17,16.0,85
2536,17,15.0,85
2537,17,18.0,85
2538,17,19.0,85
2539,17,17.0,85
2540,17,20.0,85
2541,17,17.0,85
2542,17,15.0,85
2543,17,15.0,85
2544,17,16.0,85
2545,17,18.0,85
2546,17,15.0,85
2547,17,22.0,85
2548,17,16.0,85
2549,17,17.0,85
2550,17,19.0,86
2551,17,19.0,86
2552,17,15.0,86
2553,17,16.0,86
2554,17,15.0,86
2555,17,15.0,86
2556,17,15.0,86
2557,17,15.0,86
2558,17,15.0,86
2559,17,16.0,86
2560,17,16.0,86
2561,17,16.0,86
2562,17,16.0,86
2563,17,15.0,86
2564,17,19.0,86
2565,17,15.0,86
2566,17,20.0,86
2567,17,15.0,86
2568,17,21.0,86
2569,17,20.0,86
2570,17,20.0,86
2571,17,15.0,86
2572,17,15.0,86
2573,17,17.0,86
2574,17,15.0,86
2575,17,15.0,86
2576,17,15.0,86
2577,17,19.0,86
2578,17,15.0,86
2579,17,18.0,86
2580,17,17.0,87
2581,17,15.0,87
2582,17,18.0,87
2583,17,15.0,87
2584,17,18.0,87
2585,17,15.0,87
2586,17,18.0,87
2587,17,16.0,87
2588,17,17.0,87
2589,17,16.0,87
2590,17,17.0,87
2591,17,16.0,87
2592,17,19.0,87
2593,17,15.0,87
2594,17,15.0,87
2595,17,18.0,87
2596,17,17.0,87
2597,17,15.0,87
2598,17,16.0,87
2599,17,15.0,87
2600,17,17.0,87
2601,17,17.0,87
2602,17,15.0,87
2603,17,16.0,87
2604,17,15.0,87
2605,17,17.0,87
2606,17,16.0,87
2607,17,17.0,87
2608,17,20.0,87
2609,17,17.0,87
2610,17,17.0,88
2611,17,22.0,88
2612,17,15.0,88
2613,17,15.0,88
2614,17,15.0,88
2615,17,15.0,88
2616,17,20.0,88
2617,17,17.0,88
2618,17,16.0,88
2619,17,15.0,88
2620,17,15.0,88
2621,17,15.0,88
2622,17,15.0,88
2623,17,15.0,88
2624,17,16.0,88
2625,17,20.0,88
2626,17,19.0,88
2627,17,15.0,88
2628,17,15.0,88
2629,17,18.0,88
2630,17,17.0,88
2631,17,17.0,88
2632,17,15.0,88
2633,17,15.0,88
2634,17,22.0,88
2635,17,15.0,88
2636,17,19.0,88
2637,17,16.0,88
2638,17,21.0,88
2639,17,15.0,88
2640,17,15.0,89
2641,17,15.0,89
2642,17,17.0,89
2643,17,17.0,89
2644,17,16.0,89
2645,17,16.0,89
2646,17,20.0,89
2647,17,15.0,89
2648,17,15.0,89
2649,17,18.0,89
2650,17,18.0,89
2651,17,17.0,89
2652,17,21.0,89
2653,17,20.0,89
2654,17,15.0,89
2655,17,15.0,89
2656,17,15.0,89
2657,17,16.0,89
2658,17,15.0,89
2659,17,17.0,89
2660,17,17.0,89
2661,17,18.0,89
2662,17,16.0,89
2663,17,15.0,89
2664,17,17.0,89
2665,17,15.0,89
2666,17,16.0,89
2667,17,16.0,89
2668,17,17.0,89
2669,17,15.0,89
2670,17,20.0,90
2671,17,17.0,90
2672,17,17.0,90
2673,17,17.0,90
2674,17,17.0,90
2675,17,17.0,90
2676,17,15.0,90
2677,17,16.0,90
2678,17,15.0,90
2679,17,16.0,90
2680,17,18.0,90
2681,17,15.0,90
2682,17,15.0,90
2683,17,16.0,90
2684,17,16.0,90
2685,17,21.0,90
2686,17,17.0,90
2687,17,17.0,90
2688,17,21.0,90
2689,17,17.0,90
2690,17,16.0,90
2691,17,15.0,90
2692,17,19.0,90
2693,17,15.0,90
2694,17,17.0,90
2695,17,15.0,90
2696,17,18.0,90
2697,17,15.0,90
2698,17,21.0,90
2699,17,16.0,90
2700,17,18.0,91
2701,17,19.0,91
2702,17,19.0,91
2703,17,15.0,91
2704,17,18.0,91
2705,17,17.0,91
2706,17,16.0,91
2707,17,20.0,91
2708,17,15.0,91
2709,17,15.0,91
2710,17,16.0,91
2711,17,20.0,91
2712,17,18.0,91
2713,17,16.0,91
2714,17,18.0,91
2715,17,17.0,91
2716,17,15.0,91
2717,17,17.0,91
2718,17,17.0,91
2719,17,17.0,91
2720,17,16.0,91
2721,17,17.0,91
2722,17,15.0,91
2723,17,16.0,91
2724,17,16.0,91
2725,17,17.0,91
2726,17,16.0,91
2727,17,19.0,91
2728,17,15.0,91
2729,17,21.0,91
2730,17,18.0,92
2731,17,16.0,92
2732,17,15.0,92
2733,17,19.0,92
2734,17,18.0,92
2735,17,16.0,92
2736,17,20.0,92
2737,17,18.0,92
2738,17,15.0,92
2739,17,16.0,92
2740,17,18.0,92
2741,17,20.0,92
2742,17,15.0,92
2743,17,22.0,92
2744,17,15.0,92
2745,17,18.0,92
2746,17,15.0,92
2747,17,18.0,92
2748,17,17.0,92
2749,17,16.0,92
2750,17,19.0,92
2751,17,18.0,92
2752,17,15.0,92
2753,17,15.0,92
2754,17,17.0,92
2755,17,16.0,92
2756,17,17.0,92
2757,17,15.0,92
2758,17,17.0,92
2759,17,15.0,92
2760,17,15.0,93
2761,17,15.0,93
2762,17,16.0,93
2763,17,15.0,93
2764,17,16.0,93
2765,17,16.0,93
2766,17,16.0,93
2767,17,16.0,93
2768,17,19.0,93
2769,17,15.0,93
2770,17,17.0,93
2771,17,17.0,93
2772,17,15.0,93
2773,17,15.0,93
2774,17,21.0,93
2775,17,17.0,93
2776,17,19.0,93
2777,17,19.0,93
2778,17,15.0,93
2779,17,16.0,93
2780,17,15.0,93
2781,17,17.0,93
2782,17,17.0,93
2783,17,15.0,93
2784,17,15.0,93
2785,17,16.0,93
2786,17,18.0,93
2787,17,15.0,93
2788,17,17.0,93
2789,17,20.0,93
2790,17,19.0,94
2791,17,16.0,94
2792,17,17.0,94
2793,17,17.0,94
2794,17,20.0,94
2795,17,17.0,94
2796,17,15.0,94
2797,17,15.0,94
2798,17,19.0,94
2799,17,15.0,94
2800,17,15.0,94
2801,17,17.0,94
2802,17,17.0,94
2803,17,19.0,94
2804,17,15.0,94
2805,17,16.0,94
2806,17,16.0,94
2807,17,15.0,94
2808,17,15.0,94
2809,17,16.0,94
2810,17,16.0,94
2811,17,15.0,94
2812,17,18.0,94
2813,17,15.0,94
2814,17,19.0,94
2815,17,18.0,94
2816,17,17.0,94
2817,17,18.0,94
2818,17,16.0,94
2819,17,17.0,94
2820,17,15.0,95
2821,17,16.0,95
2822,17,15.0,95
2823,17,19.0,95
2824,17,15.0,95
2825,17,17.0,95
2826,17,17.0,95
2827,17,16.0,95
2828,17,19.0,95
2829,17,18.0,95
2830,17,18.0,95
2831,17,15.0,95
2832,17,17.0,95
2833,17,16.0,95
2834,17,19.0,95
2835,17,16.0,95
2836,17,19.0,95
2837,17,15.0,95
2838,17,16.0,95
2839,17,16.0,95
2840,17,15.0,95
2841,17,17.0,95
2842,17,18.0,95
2843,17,19.0,95
2844,17,17.0,95
2845,17,17.0,95
2846,17,17.0,95
2847,17,15.0,95
2848,17,17.0,95
2849,17,15.0,95
2850,17,17.0,96
2851,17,17.0,96
2852,17,16.0,96
2853,17,18.0,96
2854,17,15.0,96
2855,17,15.0,96
2856,17,20.0,96
2857,17,15.0,96
2858,17,16.0,96
2859,17,16.0,96
2860,17,16.0,96
2861,17,16.0,96
2862,17,15.0,96
2863,17,16.0,96
2864,17,15.0,96
2865,17,20.0,96
2866,17,16.0,96
2867,17,19.0,96
2868,17,15.0,96
2869,17,22.0,96
2870,17,17.0,96
2871,17,17.0,96
2872,17,15.0,96
2873,17,15.0,96
2874,17,15.0,96
2875,17,15.0,96
2876,17,16.0,96
2877,17,15.0,96
2878,17,17.0,96
2879,17,19.0,96
