,time,Site Outdoor Air Drybulb Temperature(Environment),Site Outdoor Air Relative Humidity(Environment),Site Wind Speed(Environment),Site Direct Solar Radiation Rate per Area(Environment),Zone People Occupant Count(SPACE1-1),Zone Air Temperature(SPACE1-1),action,overhead
0,11.25,3.045201752081959,72.93433203977288,8.14173341858646,0.18741631893030375,0.0,20.744947150933076,20.0,0.61308
1,11.25,3.045201752081959,72.93433203977288,8.14173341858646,0.18741631893030375,0.0,20.744947150933076,17.0,0.565141
2,11.25,3.045201752081959,72.93433203977288,8.14173341858646,0.18741631893030375,0.0,20.744947150933076,20.0,0.573046
3,11.25,3.045201752081959,72.93433203977288,8.14173341858646,0.18741631893030375,0.0,20.744947150933076,17.0,0.557024
4,11.25,3.045201752081959,72.93433203977288,8.14173341858646,0.18741631893030375,0.0,20.744947150933076,16.0,0.591554
5,11.25,3.045201752081959,72.93433203977288,8.14173341858646,0.18741631893030375,0.0,20.744947150933076,15.0,0.598679
6,11.25,3.045201752081959,72.93433203977288,8.14173341858646,0.18741631893030375,0.0,20.744947150933076,17.0,0.631413
7,11.25,3.045201752081959,72.93433203977288,8.14173341858646,0.18741631893030375,0.0,20.744947150933076,17.0,0.576998
8,11.25,3.045201752081959,72.93433203977288,8.14173341858646,0.18741631893030375,0.0,20.744947150933076,16.0,0.569587
9,11.25,3.045201752081959,72.93433203977288,8.14173341858646,0.18741631893030375,0.0,20.744947150933076,15.0,0.568163
10,11.25,3.045201752081959,72.93433203977288,8.14173341858646,0.18741631893030375,0.0,20.744947150933076,15.0,0.560386
11,11.25,3.045201752081959,72.93433203977288,8.14173341858646,0.18741631893030375,0.0,20.744947150933076,16.0,0.566027
12,11.25,3.045201752081959,72.93433203977288,8.14173341858646,0.18741631893030375,0.0,20.744947150933076,15.0,0.562921
13,11.25,3.045201752081959,72.93433203977288,8.14173341858646,0.18741631893030375,0.0,20.744947150933076,16.0,0.569994
14,11.25,3.045201752081959,72.93433203977288,8.14173341858646,0.18741631893030375,0.0,20.744947150933076,15.0,0.590751
15,11.25,3.045201752081959,72.93433203977288,8.14173341858646,0.18741631893030375,0.0,20.744947150933076,17.0,0.563321
16,11.25,3.045201752081959,72.93433203977288,8.14173341858646,0.18741631893030375,0.0,20.744947150933076,16.0,0.565841
17,11.25,3.045201752081959,72.93433203977288,8.14173341858646,0.18741631893030375,0.0,20.744947150933076,19.0,0.563968
18,11.25,3.045201752081959,72.93433203977288,8.14173341858646,0.18741631893030375,0.0,20.744947150933076,21.0,0.558226
19,11.25,3.045201752081959,72.93433203977288,8.14173341858646,0.18741631893030375,0.0,20.744947150933076,20.0,0.560923
20,11.25,3.045201752081959,72.93433203977288,8.14173341858646,0.18741631893030375,0.0,20.744947150933076,15.0,0.565817
21,11.25,3.045201752081959,72.93433203977288,8.14173341858646,0.18741631893030375,0.0,20.744947150933076,22.0,0.562499
22,11.25,3.045201752081959,72.93433203977288,8.14173341858646,0.18741631893030375,0.0,20.744947150933076,16.0,0.56883
23,11.25,3.045201752081959,72.93433203977288,8.14173341858646,0.18741631893030375,0.0,20.744947150933076,16.0,0.559772
24,11.25,3.045201752081959,72.93433203977288,8.14173341858646,0.18741631893030375,0.0,20.744947150933076,17.0,0.558105
25,11.25,3.045201752081959,72.93433203977288,8.14173341858646,0.18741631893030375,0.0,20.744947150933076,15.0,0.557626
26,11.25,3.045201752081959,72.93433203977288,8.14173341858646,0.18741631893030375,0.0,20.744947150933076,17.0,0.561021
27,11.25,3.045201752081959,72.93433203977288,8.14173341858646,0.18741631893030375,0.0,20.744947150933076,21.0,0.559878
28,11.25,3.045201752081959,72.93433203977288,8.14173341858646,0.18741631893030375,0.0,20.744947150933076,18.0,0.560745
29,11.25,3.045201752081959,72.93433203977288,8.14173341858646,0.18741631893030375,0.0,20.744947150933076,15.0,0.560037
0,15.5,6.7728895802116185,65.42978079406642,10.725069866473723,0.535320243327994,11.0,24.220612896700416,22,7e-06
1,15.5,6.7728895802116185,65.42978079406642,10.725069866473723,0.535320243327994,11.0,24.220612896700416,22,1e-06
2,15.5,6.7728895802116185,65.42978079406642,10.725069866473723,0.535320243327994,11.0,24.220612896700416,22,1e-06
3,15.5,6.7728895802116185,65.42978079406642,10.725069866473723,0.535320243327994,11.0,24.220612896700416,22,1e-06
4,15.5,6.7728895802116185,65.42978079406642,10.725069866473723,0.535320243327994,11.0,24.220612896700416,22,1e-06
5,15.5,6.7728895802116185,65.42978079406642,10.725069866473723,0.535320243327994,11.0,24.220612896700416,22,0.0
6,15.5,6.7728895802116185,65.42978079406642,10.725069866473723,0.535320243327994,11.0,24.220612896700416,22,1e-06
7,15.5,6.7728895802116185,65.42978079406642,10.725069866473723,0.535320243327994,11.0,24.220612896700416,22,1e-06
8,15.5,6.7728895802116185,65.42978079406642,10.725069866473723,0.535320243327994,11.0,24.220612896700416,22,1e-06
9,15.5,6.7728895802116185,65.42978079406642,10.725069866473723,0.535320243327994,11.0,24.220612896700416,22,1e-06
10,15.5,6.7728895802116185,65.42978079406642,10.725069866473723,0.535320243327994,11.0,24.220612896700416,22,1e-06
11,15.5,6.7728895802116185,65.42978079406642,10.725069866473723,0.535320243327994,11.0,24.220612896700416,22,1e-06
12,15.5,6.7728895802116185,65.42978079406642,10.725069866473723,0.535320243327994,11.0,24.220612896700416,22,0.0
13,15.5,6.7728895802116185,65.42978079406642,10.725069866473723,0.535320243327994,11.0,24.220612896700416,22,1e-06
14,15.5,6.7728895802116185,65.42978079406642,10.725069866473723,0.535320243327994,11.0,24.220612896700416,22,1e-06
15,15.5,6.7728895802116185,65.42978079406642,10.725069866473723,0.535320243327994,11.0,24.220612896700416,22,0.0
16,15.5,6.7728895802116185,65.42978079406642,10.725069866473723,0.535320243327994,11.0,24.220612896700416,22,1e-06
17,15.5,6.7728895802116185,65.42978079406642,10.725069866473723,0.535320243327994,11.0,24.220612896700416,22,1e-06
18,15.5,6.7728895802116185,65.42978079406642,10.725069866473723,0.535320243327994,11.0,24.220612896700416,22,1e-06
19,15.5,6.7728895802116185,65.42978079406642,10.725069866473723,0.535320243327994,11.0,24.220612896700416,22,1e-06
20,15.5,6.7728895802116185,65.42978079406642,10.725069866473723,0.535320243327994,11.0,24.220612896700416,22,1e-06
21,15.5,6.7728895802116185,65.42978079406642,10.725069866473723,0.535320243327994,11.0,24.220612896700416,22,1e-06
22,15.5,6.7728895802116185,65.42978079406642,10.725069866473723,0.535320243327994,11.0,24.220612896700416,22,1e-06
23,15.5,6.7728895802116185,65.42978079406642,10.725069866473723,0.535320243327994,11.0,24.220612896700416,22,1e-06
24,15.5,6.7728895802116185,65.42978079406642,10.725069866473723,0.535320243327994,11.0,24.220612896700416,22,1e-06
25,15.5,6.7728895802116185,65.42978079406642,10.725069866473723,0.535320243327994,11.0,24.220612896700416,22,1e-06
26,15.5,6.7728895802116185,65.42978079406642,10.725069866473723,0.535320243327994,11.0,24.220612896700416,22,0.0
27,15.5,6.7728895802116185,65.42978079406642,10.725069866473723,0.535320243327994,11.0,24.220612896700416,22,1e-06
28,15.5,6.7728895802116185,65.42978079406642,10.725069866473723,0.535320243327994,11.0,24.220612896700416,22,1e-06
29,15.5,6.7728895802116185,65.42978079406642,10.725069866473723,0.535320243327994,11.0,24.220612896700416,22,1e-06
0,9.0,5.134569764906766,76.53551768638512,2.167879448027104,0.0,11.0,20.86410694076004,16.0,0.686587
1,9.0,5.134569764906766,76.53551768638512,2.167879448027104,0.0,11.0,20.86410694076004,15.0,0.689302
2,9.0,5.134569764906766,76.53551768638512,2.167879448027104,0.0,11.0,20.86410694076004,16.0,0.689069
3,9.0,5.134569764906766,76.53551768638512,2.167879448027104,0.0,11.0,20.86410694076004,18.0,0.690214
4,9.0,5.134569764906766,76.53551768638512,2.167879448027104,0.0,11.0,20.86410694076004,18.0,0.682783
5,9.0,5.134569764906766,76.53551768638512,2.167879448027104,0.0,11.0,20.86410694076004,15.0,0.692205
6,9.0,5.134569764906766,76.53551768638512,2.167879448027104,0.0,11.0,20.86410694076004,16.0,0.680833
7,9.0,5.134569764906766,76.53551768638512,2.167879448027104,0.0,11.0,20.86410694076004,15.0,0.672618
8,9.0,5.134569764906766,76.53551768638512,2.167879448027104,0.0,11.0,20.86410694076004,21.0,0.687108
9,9.0,5.134569764906766,76.53551768638512,2.167879448027104,0.0,11.0,20.86410694076004,18.0,0.675111
10,9.0,5.134569764906766,76.53551768638512,2.167879448027104,0.0,11.0,20.86410694076004,15.0,0.679073
11,9.0,5.134569764906766,76.53551768638512,2.167879448027104,0.0,11.0,20.86410694076004,16.0,0.688093
12,9.0,5.134569764906766,76.53551768638512,2.167879448027104,0.0,11.0,20.86410694076004,21.0,0.697915
13,9.0,5.134569764906766,76.53551768638512,2.167879448027104,0.0,11.0,20.86410694076004,16.0,0.695581
14,9.0,5.134569764906766,76.53551768638512,2.167879448027104,0.0,11.0,20.86410694076004,22.0,0.72601
15,9.0,5.134569764906766,76.53551768638512,2.167879448027104,0.0,11.0,20.86410694076004,18.0,0.708069
16,9.0,5.134569764906766,76.53551768638512,2.167879448027104,0.0,11.0,20.86410694076004,17.0,0.670374
17,9.0,5.134569764906766,76.53551768638512,2.167879448027104,0.0,11.0,20.86410694076004,19.0,0.66968
18,9.0,5.134569764906766,76.53551768638512,2.167879448027104,0.0,11.0,20.86410694076004,16.0,0.671427
19,9.0,5.134569764906766,76.53551768638512,2.167879448027104,0.0,11.0,20.86410694076004,22.0,0.695228
20,9.0,5.134569764906766,76.53551768638512,2.167879448027104,0.0,11.0,20.86410694076004,19.0,0.700773
21,9.0,5.134569764906766,76.53551768638512,2.167879448027104,0.0,11.0,20.86410694076004,16.0,0.698854
22,9.0,5.134569764906766,76.53551768638512,2.167879448027104,0.0,11.0,20.86410694076004,19.0,0.669963
23,9.0,5.134569764906766,76.53551768638512,2.167879448027104,0.0,11.0,20.86410694076004,21.0,0.688769
24,9.0,5.134569764906766,76.53551768638512,2.167879448027104,0.0,11.0,20.86410694076004,16.0,0.684322
25,9.0,5.134569764906766,76.53551768638512,2.167879448027104,0.0,11.0,20.86410694076004,17.0,0.673791
26,9.0,5.134569764906766,76.53551768638512,2.167879448027104,0.0,11.0,20.86410694076004,21.0,0.67285
27,9.0,5.134569764906766,76.53551768638512,2.167879448027104,0.0,11.0,20.86410694076004,20.0,0.669234
28,9.0,5.134569764906766,76.53551768638512,2.167879448027104,0.0,11.0,20.86410694076004,16.0,0.673391
29,9.0,5.134569764906766,76.53551768638512,2.167879448027104,0.0,11.0,20.86410694076004,20.0,0.686536
0,21.0,17.071487405515335,87.21422089133425,2.5719594444429896,0.0,0.0,22.620405397540118,17.0,0.570466
1,21.0,17.071487405515335,87.21422089133425,2.5719594444429896,0.0,0.0,22.620405397540118,16.0,0.56759
2,21.0,17.071487405515335,87.21422089133425,2.5719594444429896,0.0,0.0,22.620405397540118,19.0,0.560896
3,21.0,17.071487405515335,87.21422089133425,2.5719594444429896,0.0,0.0,22.620405397540118,15.0,0.575006
4,21.0,17.071487405515335,87.21422089133425,2.5719594444429896,0.0,0.0,22.620405397540118,15.0,0.598547
5,21.0,17.071487405515335,87.21422089133425,2.5719594444429896,0.0,0.0,22.620405397540118,18.0,0.564199
6,21.0,17.071487405515335,87.21422089133425,2.5719594444429896,0.0,0.0,22.620405397540118,16.0,0.564179
7,21.0,17.071487405515335,87.21422089133425,2.5719594444429896,0.0,0.0,22.620405397540118,19.0,0.56551
8,21.0,17.071487405515335,87.21422089133425,2.5719594444429896,0.0,0.0,22.620405397540118,22.0,0.566878
9,21.0,17.071487405515335,87.21422089133425,2.5719594444429896,0.0,0.0,22.620405397540118,15.0,0.556521
10,21.0,17.071487405515335,87.21422089133425,2.5719594444429896,0.0,0.0,22.620405397540118,15.0,0.572886
11,21.0,17.071487405515335,87.21422089133425,2.5719594444429896,0.0,0.0,22.620405397540118,15.0,0.565816
12,21.0,17.071487405515335,87.21422089133425,2.5719594444429896,0.0,0.0,22.620405397540118,18.0,0.564197
13,21.0,17.071487405515335,87.21422089133425,2.5719594444429896,0.0,0.0,22.620405397540118,16.0,0.558979
14,21.0,17.071487405515335,87.21422089133425,2.5719594444429896,0.0,0.0,22.620405397540118,16.0,0.576508
15,21.0,17.071487405515335,87.21422089133425,2.5719594444429896,0.0,0.0,22.620405397540118,15.0,0.566087
16,21.0,17.071487405515335,87.21422089133425,2.5719594444429896,0.0,0.0,22.620405397540118,15.0,0.586804
17,21.0,17.071487405515335,87.21422089133425,2.5719594444429896,0.0,0.0,22.620405397540118,15.0,0.574904
18,21.0,17.071487405515335,87.21422089133425,2.5719594444429896,0.0,0.0,22.620405397540118,16.0,0.560208
19,21.0,17.071487405515335,87.21422089133425,2.5719594444429896,0.0,0.0,22.620405397540118,16.0,0.566282
20,21.0,17.071487405515335,87.21422089133425,2.5719594444429896,0.0,0.0,22.620405397540118,16.0,0.568961
21,21.0,17.071487405515335,87.21422089133425,2.5719594444429896,0.0,0.0,22.620405397540118,16.0,0.571032
22,21.0,17.071487405515335,87.21422089133425,2.5719594444429896,0.0,0.0,22.620405397540118,15.0,0.556914
23,21.0,17.071487405515335,87.21422089133425,2.5719594444429896,0.0,0.0,22.620405397540118,15.0,0.560199
24,21.0,17.071487405515335,87.21422089133425,2.5719594444429896,0.0,0.0,22.620405397540118,16.0,0.564789
25,21.0,17.071487405515335,87.21422089133425,2.5719594444429896,0.0,0.0,22.620405397540118,16.0,0.570068
26,21.0,17.071487405515335,87.21422089133425,2.5719594444429896,0.0,0.0,22.620405397540118,16.0,0.557274
27,21.0,17.071487405515335,87.21422089133425,2.5719594444429896,0.0,0.0,22.620405397540118,16.0,0.564695
28,21.0,17.071487405515335,87.21422089133425,2.5719594444429896,0.0,0.0,22.620405397540118,17.0,0.577766
29,21.0,17.071487405515335,87.21422089133425,2.5719594444429896,0.0,0.0,22.620405397540118,17.0,0.56422
0,20.0,11.44053853801879,80.02423052444419,5.1439102771978025,0.0,0.0,20.862751328065908,15.0,0.554766
1,20.0,11.44053853801879,80.02423052444419,5.1439102771978025,0.0,0.0,20.862751328065908,17.0,0.567571
2,20.0,11.44053853801879,80.02423052444419,5.1439102771978025,0.0,0.0,20.862751328065908,16.0,0.556911
3,20.0,11.44053853801879,80.02423052444419,5.1439102771978025,0.0,0.0,20.862751328065908,17.0,0.559997
4,20.0,11.44053853801879,80.02423052444419,5.1439102771978025,0.0,0.0,20.862751328065908,17.0,0.560558
5,20.0,11.44053853801879,80.02423052444419,5.1439102771978025,0.0,0.0,20.862751328065908,17.0,0.559435
6,20.0,11.44053853801879,80.02423052444419,5.1439102771978025,0.0,0.0,20.862751328065908,17.0,0.568741
7,20.0,11.44053853801879,80.02423052444419,5.1439102771978025,0.0,0.0,20.862751328065908,17.0,0.564701
8,20.0,11.44053853801879,80.02423052444419,5.1439102771978025,0.0,0.0,20.862751328065908,15.0,0.568004
9,20.0,11.44053853801879,80.02423052444419,5.1439102771978025,0.0,0.0,20.862751328065908,16.0,0.562289
10,20.0,11.44053853801879,80.02423052444419,5.1439102771978025,0.0,0.0,20.862751328065908,15.0,0.561653
11,20.0,11.44053853801879,80.02423052444419,5.1439102771978025,0.0,0.0,20.862751328065908,17.0,0.558088
12,20.0,11.44053853801879,80.02423052444419,5.1439102771978025,0.0,0.0,20.862751328065908,15.0,0.563058
13,20.0,11.44053853801879,80.02423052444419,5.1439102771978025,0.0,0.0,20.862751328065908,19.0,0.558665
14,20.0,11.44053853801879,80.02423052444419,5.1439102771978025,0.0,0.0,20.862751328065908,16.0,0.557228
15,20.0,11.44053853801879,80.02423052444419,5.1439102771978025,0.0,0.0,20.862751328065908,18.0,0.553836
16,20.0,11.44053853801879,80.02423052444419,5.1439102771978025,0.0,0.0,20.862751328065908,18.0,0.556553
17,20.0,11.44053853801879,80.02423052444419,5.1439102771978025,0.0,0.0,20.862751328065908,19.0,0.556506
18,20.0,11.44053853801879,80.02423052444419,5.1439102771978025,0.0,0.0,20.862751328065908,16.0,0.559298
19,20.0,11.44053853801879,80.02423052444419,5.1439102771978025,0.0,0.0,20.862751328065908,17.0,0.557428
20,20.0,11.44053853801879,80.02423052444419,5.1439102771978025,0.0,0.0,20.862751328065908,20.0,0.566638
21,20.0,11.44053853801879,80.02423052444419,5.1439102771978025,0.0,0.0,20.862751328065908,16.0,0.563249
22,20.0,11.44053853801879,80.02423052444419,5.1439102771978025,0.0,0.0,20.862751328065908,15.0,0.566207
23,20.0,11.44053853801879,80.02423052444419,5.1439102771978025,0.0,0.0,20.862751328065908,17.0,0.564928
24,20.0,11.44053853801879,80.02423052444419,5.1439102771978025,0.0,0.0,20.862751328065908,15.0,0.564414
25,20.0,11.44053853801879,80.02423052444419,5.1439102771978025,0.0,0.0,20.862751328065908,16.0,0.565702
26,20.0,11.44053853801879,80.02423052444419,5.1439102771978025,0.0,0.0,20.862751328065908,19.0,0.562078
27,20.0,11.44053853801879,80.02423052444419,5.1439102771978025,0.0,0.0,20.862751328065908,16.0,0.568458
28,20.0,11.44053853801879,80.02423052444419,5.1439102771978025,0.0,0.0,20.862751328065908,17.0,0.563177
29,20.0,11.44053853801879,80.02423052444419,5.1439102771978025,0.0,0.0,20.862751328065908,17.0,0.561277
0,12.0,0.6629008509700052,78.0718859419946,6.230864464542322,47.65462238419832,8.8,21.45483180723947,17.0,0.662488
1,12.0,0.6629008509700052,78.0718859419946,6.230864464542322,47.65462238419832,8.8,21.45483180723947,20.0,0.653798
2,12.0,0.6629008509700052,78.0718859419946,6.230864464542322,47.65462238419832,8.8,21.45483180723947,15.0,0.645632
3,12.0,0.6629008509700052,78.0718859419946,6.230864464542322,47.65462238419832,8.8,21.45483180723947,21.0,0.659974
4,12.0,0.6629008509700052,78.0718859419946,6.230864464542322,47.65462238419832,8.8,21.45483180723947,15.0,0.652463
5,12.0,0.6629008509700052,78.0718859419946,6.230864464542322,47.65462238419832,8.8,21.45483180723947,19.0,0.652238
6,12.0,0.6629008509700052,78.0718859419946,6.230864464542322,47.65462238419832,8.8,21.45483180723947,16.0,0.650227
7,12.0,0.6629008509700052,78.0718859419946,6.230864464542322,47.65462238419832,8.8,21.45483180723947,16.0,0.653328
8,12.0,0.6629008509700052,78.0718859419946,6.230864464542322,47.65462238419832,8.8,21.45483180723947,17.0,0.652327
9,12.0,0.6629008509700052,78.0718859419946,6.230864464542322,47.65462238419832,8.8,21.45483180723947,21.0,0.653922
10,12.0,0.6629008509700052,78.0718859419946,6.230864464542322,47.65462238419832,8.8,21.45483180723947,16.0,0.680263
11,12.0,0.6629008509700052,78.0718859419946,6.230864464542322,47.65462238419832,8.8,21.45483180723947,15.0,0.659322
12,12.0,0.6629008509700052,78.0718859419946,6.230864464542322,47.65462238419832,8.8,21.45483180723947,19.0,0.652564
13,12.0,0.6629008509700052,78.0718859419946,6.230864464542322,47.65462238419832,8.8,21.45483180723947,15.0,0.656898
14,12.0,0.6629008509700052,78.0718859419946,6.230864464542322,47.65462238419832,8.8,21.45483180723947,16.0,0.646649
15,12.0,0.6629008509700052,78.0718859419946,6.230864464542322,47.65462238419832,8.8,21.45483180723947,16.0,0.651713
16,12.0,0.6629008509700052,78.0718859419946,6.230864464542322,47.65462238419832,8.8,21.45483180723947,15.0,0.656679
17,12.0,0.6629008509700052,78.0718859419946,6.230864464542322,47.65462238419832,8.8,21.45483180723947,15.0,0.652864
18,12.0,0.6629008509700052,78.0718859419946,6.230864464542322,47.65462238419832,8.8,21.45483180723947,17.0,0.647991
19,12.0,0.6629008509700052,78.0718859419946,6.230864464542322,47.65462238419832,8.8,21.45483180723947,15.0,0.653818
20,12.0,0.6629008509700052,78.0718859419946,6.230864464542322,47.65462238419832,8.8,21.45483180723947,15.0,0.681763
21,12.0,0.6629008509700052,78.0718859419946,6.230864464542322,47.65462238419832,8.8,21.45483180723947,17.0,0.647366
22,12.0,0.6629008509700052,78.0718859419946,6.230864464542322,47.65462238419832,8.8,21.45483180723947,16.0,0.657865
23,12.0,0.6629008509700052,78.0718859419946,6.230864464542322,47.65462238419832,8.8,21.45483180723947,16.0,0.663684
24,12.0,0.6629008509700052,78.0718859419946,6.230864464542322,47.65462238419832,8.8,21.45483180723947,15.0,0.659307
25,12.0,0.6629008509700052,78.0718859419946,6.230864464542322,47.65462238419832,8.8,21.45483180723947,17.0,0.665605
26,12.0,0.6629008509700052,78.0718859419946,6.230864464542322,47.65462238419832,8.8,21.45483180723947,18.0,0.660339
27,12.0,0.6629008509700052,78.0718859419946,6.230864464542322,47.65462238419832,8.8,21.45483180723947,18.0,0.668319
28,12.0,0.6629008509700052,78.0718859419946,6.230864464542322,47.65462238419832,8.8,21.45483180723947,16.0,0.664301
29,12.0,0.6629008509700052,78.0718859419946,6.230864464542322,47.65462238419832,8.8,21.45483180723947,15.0,0.654613
0,13.5,18.971655387877945,60.49630095071974,3.7482797618626273,61.69171417207643,0.0,21.707558017201332,15.0,0.56731
1,13.5,18.971655387877945,60.49630095071974,3.7482797618626273,61.69171417207643,0.0,21.707558017201332,21.0,0.569592
2,13.5,18.971655387877945,60.49630095071974,3.7482797618626273,61.69171417207643,0.0,21.707558017201332,15.0,0.590061
3,13.5,18.971655387877945,60.49630095071974,3.7482797618626273,61.69171417207643,0.0,21.707558017201332,18.0,0.59695
4,13.5,18.971655387877945,60.49630095071974,3.7482797618626273,61.69171417207643,0.0,21.707558017201332,15.0,0.590651
5,13.5,18.971655387877945,60.49630095071974,3.7482797618626273,61.69171417207643,0.0,21.707558017201332,16.0,0.577172
6,13.5,18.971655387877945,60.49630095071974,3.7482797618626273,61.69171417207643,0.0,21.707558017201332,15.0,0.569664
7,13.5,18.971655387877945,60.49630095071974,3.7482797618626273,61.69171417207643,0.0,21.707558017201332,15.0,0.575316
8,13.5,18.971655387877945,60.49630095071974,3.7482797618626273,61.69171417207643,0.0,21.707558017201332,22.0,0.586186
9,13.5,18.971655387877945,60.49630095071974,3.7482797618626273,61.69171417207643,0.0,21.707558017201332,17.0,0.58812
10,13.5,18.971655387877945,60.49630095071974,3.7482797618626273,61.69171417207643,0.0,21.707558017201332,15.0,0.652436
11,13.5,18.971655387877945,60.49630095071974,3.7482797618626273,61.69171417207643,0.0,21.707558017201332,21.0,0.573935
12,13.5,18.971655387877945,60.49630095071974,3.7482797618626273,61.69171417207643,0.0,21.707558017201332,15.0,0.580662
13,13.5,18.971655387877945,60.49630095071974,3.7482797618626273,61.69171417207643,0.0,21.707558017201332,15.0,0.589068
14,13.5,18.971655387877945,60.49630095071974,3.7482797618626273,61.69171417207643,0.0,21.707558017201332,18.0,0.613127
15,13.5,18.971655387877945,60.49630095071974,3.7482797618626273,61.69171417207643,0.0,21.707558017201332,15.0,0.64363
16,13.5,18.971655387877945,60.49630095071974,3.7482797618626273,61.69171417207643,0.0,21.707558017201332,19.0,0.620491
17,13.5,18.971655387877945,60.49630095071974,3.7482797618626273,61.69171417207643,0.0,21.707558017201332,16.0,0.681518
18,13.5,18.971655387877945,60.49630095071974,3.7482797618626273,61.69171417207643,0.0,21.707558017201332,15.0,0.66273
19,13.5,18.971655387877945,60.49630095071974,3.7482797618626273,61.69171417207643,0.0,21.707558017201332,18.0,0.674042
20,13.5,18.971655387877945,60.49630095071974,3.7482797618626273,61.69171417207643,0.0,21.707558017201332,18.0,0.615341
21,13.5,18.971655387877945,60.49630095071974,3.7482797618626273,61.69171417207643,0.0,21.707558017201332,15.0,0.594659
22,13.5,18.971655387877945,60.49630095071974,3.7482797618626273,61.69171417207643,0.0,21.707558017201332,17.0,0.597291
23,13.5,18.971655387877945,60.49630095071974,3.7482797618626273,61.69171417207643,0.0,21.707558017201332,16.0,0.623559
24,13.5,18.971655387877945,60.49630095071974,3.7482797618626273,61.69171417207643,0.0,21.707558017201332,16.0,0.583479
25,13.5,18.971655387877945,60.49630095071974,3.7482797618626273,61.69171417207643,0.0,21.707558017201332,15.0,0.574464
26,13.5,18.971655387877945,60.49630095071974,3.7482797618626273,61.69171417207643,0.0,21.707558017201332,17.0,0.62776
27,13.5,18.971655387877945,60.49630095071974,3.7482797618626273,61.69171417207643,0.0,21.707558017201332,20.0,0.583338
28,13.5,18.971655387877945,60.49630095071974,3.7482797618626273,61.69171417207643,0.0,21.707558017201332,16.0,0.560228
29,13.5,18.971655387877945,60.49630095071974,3.7482797618626273,61.69171417207643,0.0,21.707558017201332,16.0,0.571447
0,8.5,-3.1290649069819736,72.96499185718464,6.429450927646412,0.24331674595925734,11.0,21.475309359712327,18.0,0.679474
1,8.5,-3.1290649069819736,72.96499185718464,6.429450927646412,0.24331674595925734,11.0,21.475309359712327,15.0,0.673246
2,8.5,-3.1290649069819736,72.96499185718464,6.429450927646412,0.24331674595925734,11.0,21.475309359712327,15.0,0.672216
3,8.5,-3.1290649069819736,72.96499185718464,6.429450927646412,0.24331674595925734,11.0,21.475309359712327,16.0,0.675383
4,8.5,-3.1290649069819736,72.96499185718464,6.429450927646412,0.24331674595925734,11.0,21.475309359712327,15.0,0.674611
5,8.5,-3.1290649069819736,72.96499185718464,6.429450927646412,0.24331674595925734,11.0,21.475309359712327,20.0,0.681433
6,8.5,-3.1290649069819736,72.96499185718464,6.429450927646412,0.24331674595925734,11.0,21.475309359712327,22.0,0.678804
7,8.5,-3.1290649069819736,72.96499185718464,6.429450927646412,0.24331674595925734,11.0,21.475309359712327,15.0,0.672025
8,8.5,-3.1290649069819736,72.96499185718464,6.429450927646412,0.24331674595925734,11.0,21.475309359712327,18.0,0.681771
9,8.5,-3.1290649069819736,72.96499185718464,6.429450927646412,0.24331674595925734,11.0,21.475309359712327,15.0,0.671644
10,8.5,-3.1290649069819736,72.96499185718464,6.429450927646412,0.24331674595925734,11.0,21.475309359712327,16.0,0.672816
11,8.5,-3.1290649069819736,72.96499185718464,6.429450927646412,0.24331674595925734,11.0,21.475309359712327,16.0,0.677446
12,8.5,-3.1290649069819736,72.96499185718464,6.429450927646412,0.24331674595925734,11.0,21.475309359712327,21.0,0.683023
13,8.5,-3.1290649069819736,72.96499185718464,6.429450927646412,0.24331674595925734,11.0,21.475309359712327,16.0,0.685867
14,8.5,-3.1290649069819736,72.96499185718464,6.429450927646412,0.24331674595925734,11.0,21.475309359712327,19.0,0.681524
15,8.5,-3.1290649069819736,72.96499185718464,6.429450927646412,0.24331674595925734,11.0,21.475309359712327,17.0,0.679858
16,8.5,-3.1290649069819736,72.96499185718464,6.429450927646412,0.24331674595925734,11.0,21.475309359712327,17.0,0.693251
17,8.5,-3.1290649069819736,72.96499185718464,6.429450927646412,0.24331674595925734,11.0,21.475309359712327,19.0,0.686643
18,8.5,-3.1290649069819736,72.96499185718464,6.429450927646412,0.24331674595925734,11.0,21.475309359712327,16.0,0.674198
19,8.5,-3.1290649069819736,72.96499185718464,6.429450927646412,0.24331674595925734,11.0,21.475309359712327,16.0,0.681351
20,8.5,-3.1290649069819736,72.96499185718464,6.429450927646412,0.24331674595925734,11.0,21.475309359712327,15.0,0.679535
21,8.5,-3.1290649069819736,72.96499185718464,6.429450927646412,0.24331674595925734,11.0,21.475309359712327,19.0,0.675515
22,8.5,-3.1290649069819736,72.96499185718464,6.429450927646412,0.24331674595925734,11.0,21.475309359712327,22.0,0.676659
23,8.5,-3.1290649069819736,72.96499185718464,6.429450927646412,0.24331674595925734,11.0,21.475309359712327,18.0,0.683869
24,8.5,-3.1290649069819736,72.96499185718464,6.429450927646412,0.24331674595925734,11.0,21.475309359712327,15.0,0.674725
25,8.5,-3.1290649069819736,72.96499185718464,6.429450927646412,0.24331674595925734,11.0,21.475309359712327,15.0,0.675966
26,8.5,-3.1290649069819736,72.96499185718464,6.429450927646412,0.24331674595925734,11.0,21.475309359712327,18.0,0.67584
27,8.5,-3.1290649069819736,72.96499185718464,6.429450927646412,0.24331674595925734,11.0,21.475309359712327,15.0,0.682307
28,8.5,-3.1290649069819736,72.96499185718464,6.429450927646412,0.24331674595925734,11.0,21.475309359712327,18.0,0.677425
29,8.5,-3.1290649069819736,72.96499185718464,6.429450927646412,0.24331674595925734,11.0,21.475309359712327,15.0,0.680819
0,21.0,8.898552766200131,61.7456185950522,3.680254909400256,0.0,1.1,23.771468786767134,22,4e-06
1,21.0,8.898552766200131,61.7456185950522,3.680254909400256,0.0,1.1,23.771468786767134,22,1e-06
2,21.0,8.898552766200131,61.7456185950522,3.680254909400256,0.0,1.1,23.771468786767134,22,1e-06
3,21.0,8.898552766200131,61.7456185950522,3.680254909400256,0.0,1.1,23.771468786767134,22,1e-06
4,21.0,8.898552766200131,61.7456185950522,3.680254909400256,0.0,1.1,23.771468786767134,22,1e-06
5,21.0,8.898552766200131,61.7456185950522,3.680254909400256,0.0,1.1,23.771468786767134,22,0.0
6,21.0,8.898552766200131,61.7456185950522,3.680254909400256,0.0,1.1,23.771468786767134,22,1e-06
7,21.0,8.898552766200131,61.7456185950522,3.680254909400256,0.0,1.1,23.771468786767134,22,1e-06
8,21.0,8.898552766200131,61.7456185950522,3.680254909400256,0.0,1.1,23.771468786767134,22,0.0
9,21.0,8.898552766200131,61.7456185950522,3.680254909400256,0.0,1.1,23.771468786767134,22,1e-06
10,21.0,8.898552766200131,61.7456185950522,3.680254909400256,0.0,1.1,23.771468786767134,22,1e-06
11,21.0,8.898552766200131,61.7456185950522,3.680254909400256,0.0,1.1,23.771468786767134,22,1e-06
12,21.0,8.898552766200131,61.7456185950522,3.680254909400256,0.0,1.1,23.771468786767134,22,1e-06
13,21.0,8.898552766200131,61.7456185950522,3.680254909400256,0.0,1.1,23.771468786767134,22,1e-06
14,21.0,8.898552766200131,61.7456185950522,3.680254909400256,0.0,1.1,23.771468786767134,22,1e-06
15,21.0,8.898552766200131,61.7456185950522,3.680254909400256,0.0,1.1,23.771468786767134,22,1e-06
16,21.0,8.898552766200131,61.7456185950522,3.680254909400256,0.0,1.1,23.771468786767134,22,1e-06
17,21.0,8.898552766200131,61.7456185950522,3.680254909400256,0.0,1.1,23.771468786767134,22,1e-06
18,21.0,8.898552766200131,61.7456185950522,3.680254909400256,0.0,1.1,23.771468786767134,22,1e-06
19,21.0,8.898552766200131,61.7456185950522,3.680254909400256,0.0,1.1,23.771468786767134,22,1e-06
20,21.0,8.898552766200131,61.7456185950522,3.680254909400256,0.0,1.1,23.771468786767134,22,1e-06
21,21.0,8.898552766200131,61.7456185950522,3.680254909400256,0.0,1.1,23.771468786767134,22,0.0
22,21.0,8.898552766200131,61.7456185950522,3.680254909400256,0.0,1.1,23.771468786767134,22,1e-06
23,21.0,8.898552766200131,61.7456185950522,3.680254909400256,0.0,1.1,23.771468786767134,22,1e-06
24,21.0,8.898552766200131,61.7456185950522,3.680254909400256,0.0,1.1,23.771468786767134,22,1e-06
25,21.0,8.898552766200131,61.7456185950522,3.680254909400256,0.0,1.1,23.771468786767134,22,1e-06
26,21.0,8.898552766200131,61.7456185950522,3.680254909400256,0.0,1.1,23.771468786767134,22,1e-06
27,21.0,8.898552766200131,61.7456185950522,3.680254909400256,0.0,1.1,23.771468786767134,22,1e-06
28,21.0,8.898552766200131,61.7456185950522,3.680254909400256,0.0,1.1,23.771468786767134,22,0.0
29,21.0,8.898552766200131,61.7456185950522,3.680254909400256,0.0,1.1,23.771468786767134,22,1e-06
0,19.0,-7.22898951938937,40.322858903788386,3.5846556006184165,0.1291250195631207,5.5,21.637420819671902,19.0,0.672997
1,19.0,-7.22898951938937,40.322858903788386,3.5846556006184165,0.1291250195631207,5.5,21.637420819671902,20.0,0.673879
2,19.0,-7.22898951938937,40.322858903788386,3.5846556006184165,0.1291250195631207,5.5,21.637420819671902,20.0,0.678346
3,19.0,-7.22898951938937,40.322858903788386,3.5846556006184165,0.1291250195631207,5.5,21.637420819671902,17.0,0.694813
4,19.0,-7.22898951938937,40.322858903788386,3.5846556006184165,0.1291250195631207,5.5,21.637420819671902,19.0,0.682315
5,19.0,-7.22898951938937,40.322858903788386,3.5846556006184165,0.1291250195631207,5.5,21.637420819671902,22.0,0.70052
6,19.0,-7.22898951938937,40.322858903788386,3.5846556006184165,0.1291250195631207,5.5,21.637420819671902,22.0,0.687292
7,19.0,-7.22898951938937,40.322858903788386,3.5846556006184165,0.1291250195631207,5.5,21.637420819671902,19.0,0.678366
8,19.0,-7.22898951938937,40.322858903788386,3.5846556006184165,0.1291250195631207,5.5,21.637420819671902,18.0,0.679081
9,19.0,-7.22898951938937,40.322858903788386,3.5846556006184165,0.1291250195631207,5.5,21.637420819671902,15.0,0.683219
10,19.0,-7.22898951938937,40.322858903788386,3.5846556006184165,0.1291250195631207,5.5,21.637420819671902,21.0,0.683262
11,19.0,-7.22898951938937,40.322858903788386,3.5846556006184165,0.1291250195631207,5.5,21.637420819671902,21.0,0.687943
12,19.0,-7.22898951938937,40.322858903788386,3.5846556006184165,0.1291250195631207,5.5,21.637420819671902,16.0,0.679319
13,19.0,-7.22898951938937,40.322858903788386,3.5846556006184165,0.1291250195631207,5.5,21.637420819671902,20.0,0.691879
14,19.0,-7.22898951938937,40.322858903788386,3.5846556006184165,0.1291250195631207,5.5,21.637420819671902,19.0,0.676438
15,19.0,-7.22898951938937,40.322858903788386,3.5846556006184165,0.1291250195631207,5.5,21.637420819671902,21.0,0.679682
16,19.0,-7.22898951938937,40.322858903788386,3.5846556006184165,0.1291250195631207,5.5,21.637420819671902,18.0,0.671138
17,19.0,-7.22898951938937,40.322858903788386,3.5846556006184165,0.1291250195631207,5.5,21.637420819671902,20.0,0.674229
18,19.0,-7.22898951938937,40.322858903788386,3.5846556006184165,0.1291250195631207,5.5,21.637420819671902,19.0,0.680927
19,19.0,-7.22898951938937,40.322858903788386,3.5846556006184165,0.1291250195631207,5.5,21.637420819671902,16.0,0.684844
20,19.0,-7.22898951938937,40.322858903788386,3.5846556006184165,0.1291250195631207,5.5,21.637420819671902,16.0,0.68152
21,19.0,-7.22898951938937,40.322858903788386,3.5846556006184165,0.1291250195631207,5.5,21.637420819671902,21.0,0.67822
22,19.0,-7.22898951938937,40.322858903788386,3.5846556006184165,0.1291250195631207,5.5,21.637420819671902,22.0,0.676036
23,19.0,-7.22898951938937,40.322858903788386,3.5846556006184165,0.1291250195631207,5.5,21.637420819671902,16.0,0.684766
24,19.0,-7.22898951938937,40.322858903788386,3.5846556006184165,0.1291250195631207,5.5,21.637420819671902,17.0,0.676931
25,19.0,-7.22898951938937,40.322858903788386,3.5846556006184165,0.1291250195631207,5.5,21.637420819671902,20.0,0.683869
26,19.0,-7.22898951938937,40.322858903788386,3.5846556006184165,0.1291250195631207,5.5,21.637420819671902,22.0,0.68078
27,19.0,-7.22898951938937,40.322858903788386,3.5846556006184165,0.1291250195631207,5.5,21.637420819671902,17.0,0.678141
28,19.0,-7.22898951938937,40.322858903788386,3.5846556006184165,0.1291250195631207,5.5,21.637420819671902,18.0,0.673561
29,19.0,-7.22898951938937,40.322858903788386,3.5846556006184165,0.1291250195631207,5.5,21.637420819671902,15.0,0.671173
0,7.75,0.07789523117417296,76.04573983294681,2.220819157206468,579.7146865372115,0.0,36.367939441012616,22,4e-06
1,7.75,0.07789523117417296,76.04573983294681,2.220819157206468,579.7146865372115,0.0,36.367939441012616,22,1e-06
2,7.75,0.07789523117417296,76.04573983294681,2.220819157206468,579.7146865372115,0.0,36.367939441012616,22,1e-06
3,7.75,0.07789523117417296,76.04573983294681,2.220819157206468,579.7146865372115,0.0,36.367939441012616,22,1e-06
4,7.75,0.07789523117417296,76.04573983294681,2.220819157206468,579.7146865372115,0.0,36.367939441012616,22,1e-06
5,7.75,0.07789523117417296,76.04573983294681,2.220819157206468,579.7146865372115,0.0,36.367939441012616,22,1e-06
6,7.75,0.07789523117417296,76.04573983294681,2.220819157206468,579.7146865372115,0.0,36.367939441012616,22,0.0
7,7.75,0.07789523117417296,76.04573983294681,2.220819157206468,579.7146865372115,0.0,36.367939441012616,22,1e-06
8,7.75,0.07789523117417296,76.04573983294681,2.220819157206468,579.7146865372115,0.0,36.367939441012616,22,1e-06
9,7.75,0.07789523117417296,76.04573983294681,2.220819157206468,579.7146865372115,0.0,36.367939441012616,22,1e-06
10,7.75,0.07789523117417296,76.04573983294681,2.220819157206468,579.7146865372115,0.0,36.367939441012616,22,1e-06
11,7.75,0.07789523117417296,76.04573983294681,2.220819157206468,579.7146865372115,0.0,36.367939441012616,22,0.0
12,7.75,0.07789523117417296,76.04573983294681,2.220819157206468,579.7146865372115,0.0,36.367939441012616,22,0.0
13,7.75,0.07789523117417296,76.04573983294681,2.220819157206468,579.7146865372115,0.0,36.367939441012616,22,0.0
14,7.75,0.07789523117417296,76.04573983294681,2.220819157206468,579.7146865372115,0.0,36.367939441012616,22,0.0
15,7.75,0.07789523117417296,76.04573983294681,2.220819157206468,579.7146865372115,0.0,36.367939441012616,22,1e-06
16,7.75,0.07789523117417296,76.04573983294681,2.220819157206468,579.7146865372115,0.0,36.367939441012616,22,1e-06
17,7.75,0.07789523117417296,76.04573983294681,2.220819157206468,579.7146865372115,0.0,36.367939441012616,22,0.0
18,7.75,0.07789523117417296,76.04573983294681,2.220819157206468,579.7146865372115,0.0,36.367939441012616,22,1e-06
19,7.75,0.07789523117417296,76.04573983294681,2.220819157206468,579.7146865372115,0.0,36.367939441012616,22,1e-06
20,7.75,0.07789523117417296,76.04573983294681,2.220819157206468,579.7146865372115,0.0,36.367939441012616,22,1e-06
21,7.75,0.07789523117417296,76.04573983294681,2.220819157206468,579.7146865372115,0.0,36.367939441012616,22,1e-06
22,7.75,0.07789523117417296,76.04573983294681,2.220819157206468,579.7146865372115,0.0,36.367939441012616,22,0.0
23,7.75,0.07789523117417296,76.04573983294681,2.220819157206468,579.7146865372115,0.0,36.367939441012616,22,0.0
24,7.75,0.07789523117417296,76.04573983294681,2.220819157206468,579.7146865372115,0.0,36.367939441012616,22,1e-06
25,7.75,0.07789523117417296,76.04573983294681,2.220819157206468,579.7146865372115,0.0,36.367939441012616,22,1e-06
26,7.75,0.07789523117417296,76.04573983294681,2.220819157206468,579.7146865372115,0.0,36.367939441012616,22,1e-06
27,7.75,0.07789523117417296,76.04573983294681,2.220819157206468,579.7146865372115,0.0,36.367939441012616,22,1e-06
28,7.75,0.07789523117417296,76.04573983294681,2.220819157206468,579.7146865372115,0.0,36.367939441012616,22,1e-06
29,7.75,0.07789523117417296,76.04573983294681,2.220819157206468,579.7146865372115,0.0,36.367939441012616,22,0.0
0,19.0,13.832114955658035,57.43621121720355,2.961793145487629,1.6260179596271802,0.0,20.444096339682922,16.0,0.562319
1,19.0,13.832114955658035,57.43621121720355,2.961793145487629,1.6260179596271802,0.0,20.444096339682922,18.0,0.562559
2,19.0,13.832114955658035,57.43621121720355,2.961793145487629,1.6260179596271802,0.0,20.444096339682922,15.0,0.560102
3,19.0,13.832114955658035,57.43621121720355,2.961793145487629,1.6260179596271802,0.0,20.444096339682922,15.0,0.560092
4,19.0,13.832114955658035,57.43621121720355,2.961793145487629,1.6260179596271802,0.0,20.444096339682922,17.0,0.557619
5,19.0,13.832114955658035,57.43621121720355,2.961793145487629,1.6260179596271802,0.0,20.444096339682922,15.0,0.562689
6,19.0,13.832114955658035,57.43621121720355,2.961793145487629,1.6260179596271802,0.0,20.444096339682922,16.0,0.56107
7,19.0,13.832114955658035,57.43621121720355,2.961793145487629,1.6260179596271802,0.0,20.444096339682922,15.0,0.562356
8,19.0,13.832114955658035,57.43621121720355,2.961793145487629,1.6260179596271802,0.0,20.444096339682922,21.0,0.555535
9,19.0,13.832114955658035,57.43621121720355,2.961793145487629,1.6260179596271802,0.0,20.444096339682922,17.0,0.56863
10,19.0,13.832114955658035,57.43621121720355,2.961793145487629,1.6260179596271802,0.0,20.444096339682922,19.0,0.56346
11,19.0,13.832114955658035,57.43621121720355,2.961793145487629,1.6260179596271802,0.0,20.444096339682922,17.0,0.561981
12,19.0,13.832114955658035,57.43621121720355,2.961793145487629,1.6260179596271802,0.0,20.444096339682922,17.0,0.563301
13,19.0,13.832114955658035,57.43621121720355,2.961793145487629,1.6260179596271802,0.0,20.444096339682922,19.0,0.562328
14,19.0,13.832114955658035,57.43621121720355,2.961793145487629,1.6260179596271802,0.0,20.444096339682922,16.0,0.567856
15,19.0,13.832114955658035,57.43621121720355,2.961793145487629,1.6260179596271802,0.0,20.444096339682922,15.0,0.570537
16,19.0,13.832114955658035,57.43621121720355,2.961793145487629,1.6260179596271802,0.0,20.444096339682922,16.0,0.565816
17,19.0,13.832114955658035,57.43621121720355,2.961793145487629,1.6260179596271802,0.0,20.444096339682922,15.0,0.5604
18,19.0,13.832114955658035,57.43621121720355,2.961793145487629,1.6260179596271802,0.0,20.444096339682922,16.0,0.563081
19,19.0,13.832114955658035,57.43621121720355,2.961793145487629,1.6260179596271802,0.0,20.444096339682922,17.0,0.55972
20,19.0,13.832114955658035,57.43621121720355,2.961793145487629,1.6260179596271802,0.0,20.444096339682922,17.0,0.562613
21,19.0,13.832114955658035,57.43621121720355,2.961793145487629,1.6260179596271802,0.0,20.444096339682922,17.0,0.571114
22,19.0,13.832114955658035,57.43621121720355,2.961793145487629,1.6260179596271802,0.0,20.444096339682922,17.0,0.570931
23,19.0,13.832114955658035,57.43621121720355,2.961793145487629,1.6260179596271802,0.0,20.444096339682922,15.0,0.572644
24,19.0,13.832114955658035,57.43621121720355,2.961793145487629,1.6260179596271802,0.0,20.444096339682922,16.0,0.562581
25,19.0,13.832114955658035,57.43621121720355,2.961793145487629,1.6260179596271802,0.0,20.444096339682922,17.0,0.568545
26,19.0,13.832114955658035,57.43621121720355,2.961793145487629,1.6260179596271802,0.0,20.444096339682922,18.0,0.559895
27,19.0,13.832114955658035,57.43621121720355,2.961793145487629,1.6260179596271802,0.0,20.444096339682922,21.0,0.563393
28,19.0,13.832114955658035,57.43621121720355,2.961793145487629,1.6260179596271802,0.0,20.444096339682922,20.0,0.575463
29,19.0,13.832114955658035,57.43621121720355,2.961793145487629,1.6260179596271802,0.0,20.444096339682922,17.0,0.591253
0,9.25,4.62393890792689,85.46291028964272,9.426928393749323,0.019664043183993382,11.0,20.76518992503452,18.0,0.669743
1,9.25,4.62393890792689,85.46291028964272,9.426928393749323,0.019664043183993382,11.0,20.76518992503452,15.0,0.665847
2,9.25,4.62393890792689,85.46291028964272,9.426928393749323,0.019664043183993382,11.0,20.76518992503452,21.0,0.667993
3,9.25,4.62393890792689,85.46291028964272,9.426928393749323,0.019664043183993382,11.0,20.76518992503452,16.0,0.698385
4,9.25,4.62393890792689,85.46291028964272,9.426928393749323,0.019664043183993382,11.0,20.76518992503452,18.0,0.658297
5,9.25,4.62393890792689,85.46291028964272,9.426928393749323,0.019664043183993382,11.0,20.76518992503452,16.0,0.65549
6,9.25,4.62393890792689,85.46291028964272,9.426928393749323,0.019664043183993382,11.0,20.76518992503452,15.0,0.666634
7,9.25,4.62393890792689,85.46291028964272,9.426928393749323,0.019664043183993382,11.0,20.76518992503452,15.0,0.651986
8,9.25,4.62393890792689,85.46291028964272,9.426928393749323,0.019664043183993382,11.0,20.76518992503452,15.0,0.65273
9,9.25,4.62393890792689,85.46291028964272,9.426928393749323,0.019664043183993382,11.0,20.76518992503452,16.0,0.664922
10,9.25,4.62393890792689,85.46291028964272,9.426928393749323,0.019664043183993382,11.0,20.76518992503452,15.0,0.662343
11,9.25,4.62393890792689,85.46291028964272,9.426928393749323,0.019664043183993382,11.0,20.76518992503452,15.0,0.659229
12,9.25,4.62393890792689,85.46291028964272,9.426928393749323,0.019664043183993382,11.0,20.76518992503452,22.0,0.664715
13,9.25,4.62393890792689,85.46291028964272,9.426928393749323,0.019664043183993382,11.0,20.76518992503452,21.0,0.661679
14,9.25,4.62393890792689,85.46291028964272,9.426928393749323,0.019664043183993382,11.0,20.76518992503452,21.0,0.657844
15,9.25,4.62393890792689,85.46291028964272,9.426928393749323,0.019664043183993382,11.0,20.76518992503452,17.0,0.66845
16,9.25,4.62393890792689,85.46291028964272,9.426928393749323,0.019664043183993382,11.0,20.76518992503452,18.0,0.656955
17,9.25,4.62393890792689,85.46291028964272,9.426928393749323,0.019664043183993382,11.0,20.76518992503452,16.0,0.670645
18,9.25,4.62393890792689,85.46291028964272,9.426928393749323,0.019664043183993382,11.0,20.76518992503452,21.0,0.701728
19,9.25,4.62393890792689,85.46291028964272,9.426928393749323,0.019664043183993382,11.0,20.76518992503452,19.0,0.683683
20,9.25,4.62393890792689,85.46291028964272,9.426928393749323,0.019664043183993382,11.0,20.76518992503452,15.0,0.693588
21,9.25,4.62393890792689,85.46291028964272,9.426928393749323,0.019664043183993382,11.0,20.76518992503452,15.0,0.698898
22,9.25,4.62393890792689,85.46291028964272,9.426928393749323,0.019664043183993382,11.0,20.76518992503452,17.0,0.694754
23,9.25,4.62393890792689,85.46291028964272,9.426928393749323,0.019664043183993382,11.0,20.76518992503452,15.0,0.699529
24,9.25,4.62393890792689,85.46291028964272,9.426928393749323,0.019664043183993382,11.0,20.76518992503452,16.0,0.708073
25,9.25,4.62393890792689,85.46291028964272,9.426928393749323,0.019664043183993382,11.0,20.76518992503452,15.0,0.699419
26,9.25,4.62393890792689,85.46291028964272,9.426928393749323,0.019664043183993382,11.0,20.76518992503452,15.0,0.697666
27,9.25,4.62393890792689,85.46291028964272,9.426928393749323,0.019664043183993382,11.0,20.76518992503452,16.0,0.686696
28,9.25,4.62393890792689,85.46291028964272,9.426928393749323,0.019664043183993382,11.0,20.76518992503452,20.0,0.706595
29,9.25,4.62393890792689,85.46291028964272,9.426928393749323,0.019664043183993382,11.0,20.76518992503452,17.0,0.694371
0,10.75,1.1593829738455954,48.41695236544964,2.7793141017538177,52.385501317416875,11.0,21.7095903628132,15.0,0.696432
1,10.75,1.1593829738455954,48.41695236544964,2.7793141017538177,52.385501317416875,11.0,21.7095903628132,17.0,0.710161
2,10.75,1.1593829738455954,48.41695236544964,2.7793141017538177,52.385501317416875,11.0,21.7095903628132,15.0,0.687993
3,10.75,1.1593829738455954,48.41695236544964,2.7793141017538177,52.385501317416875,11.0,21.7095903628132,18.0,0.698064
4,10.75,1.1593829738455954,48.41695236544964,2.7793141017538177,52.385501317416875,11.0,21.7095903628132,15.0,0.694011
5,10.75,1.1593829738455954,48.41695236544964,2.7793141017538177,52.385501317416875,11.0,21.7095903628132,18.0,0.702499
6,10.75,1.1593829738455954,48.41695236544964,2.7793141017538177,52.385501317416875,11.0,21.7095903628132,15.0,0.689911
7,10.75,1.1593829738455954,48.41695236544964,2.7793141017538177,52.385501317416875,11.0,21.7095903628132,17.0,0.696441
8,10.75,1.1593829738455954,48.41695236544964,2.7793141017538177,52.385501317416875,11.0,21.7095903628132,16.0,0.704934
9,10.75,1.1593829738455954,48.41695236544964,2.7793141017538177,52.385501317416875,11.0,21.7095903628132,18.0,0.698503
10,10.75,1.1593829738455954,48.41695236544964,2.7793141017538177,52.385501317416875,11.0,21.7095903628132,15.0,0.690831
11,10.75,1.1593829738455954,48.41695236544964,2.7793141017538177,52.385501317416875,11.0,21.7095903628132,17.0,0.698599
12,10.75,1.1593829738455954,48.41695236544964,2.7793141017538177,52.385501317416875,11.0,21.7095903628132,15.0,0.697846
13,10.75,1.1593829738455954,48.41695236544964,2.7793141017538177,52.385501317416875,11.0,21.7095903628132,15.0,0.695778
14,10.75,1.1593829738455954,48.41695236544964,2.7793141017538177,52.385501317416875,11.0,21.7095903628132,17.0,0.67978
15,10.75,1.1593829738455954,48.41695236544964,2.7793141017538177,52.385501317416875,11.0,21.7095903628132,17.0,0.656754
16,10.75,1.1593829738455954,48.41695236544964,2.7793141017538177,52.385501317416875,11.0,21.7095903628132,16.0,0.6655
17,10.75,1.1593829738455954,48.41695236544964,2.7793141017538177,52.385501317416875,11.0,21.7095903628132,16.0,0.64688
18,10.75,1.1593829738455954,48.41695236544964,2.7793141017538177,52.385501317416875,11.0,21.7095903628132,16.0,0.652491
19,10.75,1.1593829738455954,48.41695236544964,2.7793141017538177,52.385501317416875,11.0,21.7095903628132,15.0,0.70651
20,10.75,1.1593829738455954,48.41695236544964,2.7793141017538177,52.385501317416875,11.0,21.7095903628132,17.0,0.670867
21,10.75,1.1593829738455954,48.41695236544964,2.7793141017538177,52.385501317416875,11.0,21.7095903628132,15.0,0.687254
22,10.75,1.1593829738455954,48.41695236544964,2.7793141017538177,52.385501317416875,11.0,21.7095903628132,16.0,0.785151
23,10.75,1.1593829738455954,48.41695236544964,2.7793141017538177,52.385501317416875,11.0,21.7095903628132,18.0,0.739197
24,10.75,1.1593829738455954,48.41695236544964,2.7793141017538177,52.385501317416875,11.0,21.7095903628132,18.0,0.680059
25,10.75,1.1593829738455954,48.41695236544964,2.7793141017538177,52.385501317416875,11.0,21.7095903628132,19.0,0.666984
26,10.75,1.1593829738455954,48.41695236544964,2.7793141017538177,52.385501317416875,11.0,21.7095903628132,16.0,0.674585
27,10.75,1.1593829738455954,48.41695236544964,2.7793141017538177,52.385501317416875,11.0,21.7095903628132,15.0,0.663437
28,10.75,1.1593829738455954,48.41695236544964,2.7793141017538177,52.385501317416875,11.0,21.7095903628132,16.0,0.665763
29,10.75,1.1593829738455954,48.41695236544964,2.7793141017538177,52.385501317416875,11.0,21.7095903628132,19.0,0.650487
0,12.75,1.163988857626692,100.96938258146672,2.9579188047003213,0.5286851144781097,0.0,22.21852253759415,21.0,0.565519
1,12.75,1.163988857626692,100.96938258146672,2.9579188047003213,0.5286851144781097,0.0,22.21852253759415,15.0,0.562349
2,12.75,1.163988857626692,100.96938258146672,2.9579188047003213,0.5286851144781097,0.0,22.21852253759415,18.0,0.572544
3,12.75,1.163988857626692,100.96938258146672,2.9579188047003213,0.5286851144781097,0.0,22.21852253759415,15.0,0.5634
4,12.75,1.163988857626692,100.96938258146672,2.9579188047003213,0.5286851144781097,0.0,22.21852253759415,20.0,0.581083
5,12.75,1.163988857626692,100.96938258146672,2.9579188047003213,0.5286851144781097,0.0,22.21852253759415,19.0,0.576729
6,12.75,1.163988857626692,100.96938258146672,2.9579188047003213,0.5286851144781097,0.0,22.21852253759415,17.0,0.612514
7,12.75,1.163988857626692,100.96938258146672,2.9579188047003213,0.5286851144781097,0.0,22.21852253759415,15.0,0.591694
8,12.75,1.163988857626692,100.96938258146672,2.9579188047003213,0.5286851144781097,0.0,22.21852253759415,16.0,0.566794
9,12.75,1.163988857626692,100.96938258146672,2.9579188047003213,0.5286851144781097,0.0,22.21852253759415,17.0,0.696181
10,12.75,1.163988857626692,100.96938258146672,2.9579188047003213,0.5286851144781097,0.0,22.21852253759415,20.0,0.709801
11,12.75,1.163988857626692,100.96938258146672,2.9579188047003213,0.5286851144781097,0.0,22.21852253759415,15.0,0.600035
12,12.75,1.163988857626692,100.96938258146672,2.9579188047003213,0.5286851144781097,0.0,22.21852253759415,15.0,0.575819
13,12.75,1.163988857626692,100.96938258146672,2.9579188047003213,0.5286851144781097,0.0,22.21852253759415,15.0,0.892915
14,12.75,1.163988857626692,100.96938258146672,2.9579188047003213,0.5286851144781097,0.0,22.21852253759415,21.0,0.636598
15,12.75,1.163988857626692,100.96938258146672,2.9579188047003213,0.5286851144781097,0.0,22.21852253759415,15.0,0.723678
16,12.75,1.163988857626692,100.96938258146672,2.9579188047003213,0.5286851144781097,0.0,22.21852253759415,15.0,0.578889
17,12.75,1.163988857626692,100.96938258146672,2.9579188047003213,0.5286851144781097,0.0,22.21852253759415,22.0,0.574801
18,12.75,1.163988857626692,100.96938258146672,2.9579188047003213,0.5286851144781097,0.0,22.21852253759415,16.0,0.577771
19,12.75,1.163988857626692,100.96938258146672,2.9579188047003213,0.5286851144781097,0.0,22.21852253759415,15.0,0.561794
20,12.75,1.163988857626692,100.96938258146672,2.9579188047003213,0.5286851144781097,0.0,22.21852253759415,15.0,0.559479
21,12.75,1.163988857626692,100.96938258146672,2.9579188047003213,0.5286851144781097,0.0,22.21852253759415,15.0,0.573463
22,12.75,1.163988857626692,100.96938258146672,2.9579188047003213,0.5286851144781097,0.0,22.21852253759415,15.0,0.563137
23,12.75,1.163988857626692,100.96938258146672,2.9579188047003213,0.5286851144781097,0.0,22.21852253759415,19.0,0.568464
24,12.75,1.163988857626692,100.96938258146672,2.9579188047003213,0.5286851144781097,0.0,22.21852253759415,15.0,0.643012
25,12.75,1.163988857626692,100.96938258146672,2.9579188047003213,0.5286851144781097,0.0,22.21852253759415,19.0,0.616347
26,12.75,1.163988857626692,100.96938258146672,2.9579188047003213,0.5286851144781097,0.0,22.21852253759415,18.0,0.567326
27,12.75,1.163988857626692,100.96938258146672,2.9579188047003213,0.5286851144781097,0.0,22.21852253759415,20.0,0.559819
28,12.75,1.163988857626692,100.96938258146672,2.9579188047003213,0.5286851144781097,0.0,22.21852253759415,16.0,0.569678
29,12.75,1.163988857626692,100.96938258146672,2.9579188047003213,0.5286851144781097,0.0,22.21852253759415,17.0,0.580282
0,18.75,9.326494438815054,59.740925028867,4.043860490914027,0.0231205308748207,5.5,22.44290577007912,22.0,0.603082
1,18.75,9.326494438815054,59.740925028867,4.043860490914027,0.0231205308748207,5.5,22.44290577007912,21.0,0.652022
2,18.75,9.326494438815054,59.740925028867,4.043860490914027,0.0231205308748207,5.5,22.44290577007912,22.0,0.623965
3,18.75,9.326494438815054,59.740925028867,4.043860490914027,0.0231205308748207,5.5,22.44290577007912,22.0,0.616787
4,18.75,9.326494438815054,59.740925028867,4.043860490914027,0.0231205308748207,5.5,22.44290577007912,20.0,0.633337
5,18.75,9.326494438815054,59.740925028867,4.043860490914027,0.0231205308748207,5.5,22.44290577007912,19.0,0.645059
6,18.75,9.326494438815054,59.740925028867,4.043860490914027,0.0231205308748207,5.5,22.44290577007912,21.0,0.617871
7,18.75,9.326494438815054,59.740925028867,4.043860490914027,0.0231205308748207,5.5,22.44290577007912,22.0,0.637543
8,18.75,9.326494438815054,59.740925028867,4.043860490914027,0.0231205308748207,5.5,22.44290577007912,21.0,0.606953
9,18.75,9.326494438815054,59.740925028867,4.043860490914027,0.0231205308748207,5.5,22.44290577007912,21.0,0.633602
10,18.75,9.326494438815054,59.740925028867,4.043860490914027,0.0231205308748207,5.5,22.44290577007912,15.0,0.604205
11,18.75,9.326494438815054,59.740925028867,4.043860490914027,0.0231205308748207,5.5,22.44290577007912,19.0,0.606129
12,18.75,9.326494438815054,59.740925028867,4.043860490914027,0.0231205308748207,5.5,22.44290577007912,20.0,0.612383
13,18.75,9.326494438815054,59.740925028867,4.043860490914027,0.0231205308748207,5.5,22.44290577007912,20.0,0.617345
14,18.75,9.326494438815054,59.740925028867,4.043860490914027,0.0231205308748207,5.5,22.44290577007912,18.0,0.608383
15,18.75,9.326494438815054,59.740925028867,4.043860490914027,0.0231205308748207,5.5,22.44290577007912,18.0,0.607419
16,18.75,9.326494438815054,59.740925028867,4.043860490914027,0.0231205308748207,5.5,22.44290577007912,21.0,0.618725
17,18.75,9.326494438815054,59.740925028867,4.043860490914027,0.0231205308748207,5.5,22.44290577007912,20.0,0.616283
18,18.75,9.326494438815054,59.740925028867,4.043860490914027,0.0231205308748207,5.5,22.44290577007912,15.0,0.615008
19,18.75,9.326494438815054,59.740925028867,4.043860490914027,0.0231205308748207,5.5,22.44290577007912,22.0,0.614592
20,18.75,9.326494438815054,59.740925028867,4.043860490914027,0.0231205308748207,5.5,22.44290577007912,16.0,0.607678
21,18.75,9.326494438815054,59.740925028867,4.043860490914027,0.0231205308748207,5.5,22.44290577007912,16.0,0.605383
22,18.75,9.326494438815054,59.740925028867,4.043860490914027,0.0231205308748207,5.5,22.44290577007912,20.0,0.613085
23,18.75,9.326494438815054,59.740925028867,4.043860490914027,0.0231205308748207,5.5,22.44290577007912,20.0,0.669394
24,18.75,9.326494438815054,59.740925028867,4.043860490914027,0.0231205308748207,5.5,22.44290577007912,19.0,0.60744
25,18.75,9.326494438815054,59.740925028867,4.043860490914027,0.0231205308748207,5.5,22.44290577007912,15.0,0.620966
26,18.75,9.326494438815054,59.740925028867,4.043860490914027,0.0231205308748207,5.5,22.44290577007912,18.0,0.611386
27,18.75,9.326494438815054,59.740925028867,4.043860490914027,0.0231205308748207,5.5,22.44290577007912,15.0,0.607102
28,18.75,9.326494438815054,59.740925028867,4.043860490914027,0.0231205308748207,5.5,22.44290577007912,22.0,0.612464
29,18.75,9.326494438815054,59.740925028867,4.043860490914027,0.0231205308748207,5.5,22.44290577007912,20.0,0.617605
0,12.75,-1.6944626648795027,84.01148474376654,9.665016650518693,0.0,4.4,21.396294058031447,17.0,0.676481
1,12.75,-1.6944626648795027,84.01148474376654,9.665016650518693,0.0,4.4,21.396294058031447,18.0,0.689693
2,12.75,-1.6944626648795027,84.01148474376654,9.665016650518693,0.0,4.4,21.396294058031447,17.0,0.679948
3,12.75,-1.6944626648795027,84.01148474376654,9.665016650518693,0.0,4.4,21.396294058031447,16.0,0.688408
4,12.75,-1.6944626648795027,84.01148474376654,9.665016650518693,0.0,4.4,21.396294058031447,15.0,0.67516
5,12.75,-1.6944626648795027,84.01148474376654,9.665016650518693,0.0,4.4,21.396294058031447,16.0,0.672905
6,12.75,-1.6944626648795027,84.01148474376654,9.665016650518693,0.0,4.4,21.396294058031447,15.0,0.690256
7,12.75,-1.6944626648795027,84.01148474376654,9.665016650518693,0.0,4.4,21.396294058031447,17.0,0.681927
8,12.75,-1.6944626648795027,84.01148474376654,9.665016650518693,0.0,4.4,21.396294058031447,15.0,0.694038
9,12.75,-1.6944626648795027,84.01148474376654,9.665016650518693,0.0,4.4,21.396294058031447,16.0,0.692737
10,12.75,-1.6944626648795027,84.01148474376654,9.665016650518693,0.0,4.4,21.396294058031447,20.0,0.692417
11,12.75,-1.6944626648795027,84.01148474376654,9.665016650518693,0.0,4.4,21.396294058031447,15.0,0.683873
12,12.75,-1.6944626648795027,84.01148474376654,9.665016650518693,0.0,4.4,21.396294058031447,16.0,0.681992
13,12.75,-1.6944626648795027,84.01148474376654,9.665016650518693,0.0,4.4,21.396294058031447,16.0,0.752241
14,12.75,-1.6944626648795027,84.01148474376654,9.665016650518693,0.0,4.4,21.396294058031447,21.0,0.689392
15,12.75,-1.6944626648795027,84.01148474376654,9.665016650518693,0.0,4.4,21.396294058031447,19.0,0.676089
16,12.75,-1.6944626648795027,84.01148474376654,9.665016650518693,0.0,4.4,21.396294058031447,15.0,0.678614
17,12.75,-1.6944626648795027,84.01148474376654,9.665016650518693,0.0,4.4,21.396294058031447,17.0,0.687556
18,12.75,-1.6944626648795027,84.01148474376654,9.665016650518693,0.0,4.4,21.396294058031447,20.0,0.681131
19,12.75,-1.6944626648795027,84.01148474376654,9.665016650518693,0.0,4.4,21.396294058031447,17.0,0.682399
20,12.75,-1.6944626648795027,84.01148474376654,9.665016650518693,0.0,4.4,21.396294058031447,15.0,0.678201
21,12.75,-1.6944626648795027,84.01148474376654,9.665016650518693,0.0,4.4,21.396294058031447,16.0,0.686156
22,12.75,-1.6944626648795027,84.01148474376654,9.665016650518693,0.0,4.4,21.396294058031447,15.0,0.679041
23,12.75,-1.6944626648795027,84.01148474376654,9.665016650518693,0.0,4.4,21.396294058031447,16.0,0.692446
24,12.75,-1.6944626648795027,84.01148474376654,9.665016650518693,0.0,4.4,21.396294058031447,16.0,0.689036
25,12.75,-1.6944626648795027,84.01148474376654,9.665016650518693,0.0,4.4,21.396294058031447,15.0,0.684849
26,12.75,-1.6944626648795027,84.01148474376654,9.665016650518693,0.0,4.4,21.396294058031447,15.0,0.678971
27,12.75,-1.6944626648795027,84.01148474376654,9.665016650518693,0.0,4.4,21.396294058031447,20.0,0.673375
28,12.75,-1.6944626648795027,84.01148474376654,9.665016650518693,0.0,4.4,21.396294058031447,21.0,0.679397
29,12.75,-1.6944626648795027,84.01148474376654,9.665016650518693,0.0,4.4,21.396294058031447,16.0,0.684394
0,9.75,8.69212536891671,64.69878551978034,6.565810318772194,0.5095695641255481,11.0,21.86718176474003,20.0,0.648331
1,9.75,8.69212536891671,64.69878551978034,6.565810318772194,0.5095695641255481,11.0,21.86718176474003,15.0,0.664497
2,9.75,8.69212536891671,64.69878551978034,6.565810318772194,0.5095695641255481,11.0,21.86718176474003,17.0,0.673955
3,9.75,8.69212536891671,64.69878551978034,6.565810318772194,0.5095695641255481,11.0,21.86718176474003,19.0,0.650077
4,9.75,8.69212536891671,64.69878551978034,6.565810318772194,0.5095695641255481,11.0,21.86718176474003,15.0,0.661656
5,9.75,8.69212536891671,64.69878551978034,6.565810318772194,0.5095695641255481,11.0,21.86718176474003,15.0,0.663558
6,9.75,8.69212536891671,64.69878551978034,6.565810318772194,0.5095695641255481,11.0,21.86718176474003,19.0,0.666332
7,9.75,8.69212536891671,64.69878551978034,6.565810318772194,0.5095695641255481,11.0,21.86718176474003,20.0,0.666014
8,9.75,8.69212536891671,64.69878551978034,6.565810318772194,0.5095695641255481,11.0,21.86718176474003,17.0,0.71241
9,9.75,8.69212536891671,64.69878551978034,6.565810318772194,0.5095695641255481,11.0,21.86718176474003,19.0,0.677482
10,9.75,8.69212536891671,64.69878551978034,6.565810318772194,0.5095695641255481,11.0,21.86718176474003,17.0,0.656342
11,9.75,8.69212536891671,64.69878551978034,6.565810318772194,0.5095695641255481,11.0,21.86718176474003,15.0,0.647258
12,9.75,8.69212536891671,64.69878551978034,6.565810318772194,0.5095695641255481,11.0,21.86718176474003,16.0,0.648006
13,9.75,8.69212536891671,64.69878551978034,6.565810318772194,0.5095695641255481,11.0,21.86718176474003,15.0,0.650165
14,9.75,8.69212536891671,64.69878551978034,6.565810318772194,0.5095695641255481,11.0,21.86718176474003,15.0,0.645274
15,9.75,8.69212536891671,64.69878551978034,6.565810318772194,0.5095695641255481,11.0,21.86718176474003,17.0,0.649165
16,9.75,8.69212536891671,64.69878551978034,6.565810318772194,0.5095695641255481,11.0,21.86718176474003,15.0,0.660827
17,9.75,8.69212536891671,64.69878551978034,6.565810318772194,0.5095695641255481,11.0,21.86718176474003,17.0,0.653174
18,9.75,8.69212536891671,64.69878551978034,6.565810318772194,0.5095695641255481,11.0,21.86718176474003,17.0,0.645918
19,9.75,8.69212536891671,64.69878551978034,6.565810318772194,0.5095695641255481,11.0,21.86718176474003,17.0,0.648931
20,9.75,8.69212536891671,64.69878551978034,6.565810318772194,0.5095695641255481,11.0,21.86718176474003,15.0,0.665865
21,9.75,8.69212536891671,64.69878551978034,6.565810318772194,0.5095695641255481,11.0,21.86718176474003,16.0,0.695353
22,9.75,8.69212536891671,64.69878551978034,6.565810318772194,0.5095695641255481,11.0,21.86718176474003,15.0,0.647705
23,9.75,8.69212536891671,64.69878551978034,6.565810318772194,0.5095695641255481,11.0,21.86718176474003,20.0,0.699035
24,9.75,8.69212536891671,64.69878551978034,6.565810318772194,0.5095695641255481,11.0,21.86718176474003,17.0,0.792826
25,9.75,8.69212536891671,64.69878551978034,6.565810318772194,0.5095695641255481,11.0,21.86718176474003,15.0,0.709706
26,9.75,8.69212536891671,64.69878551978034,6.565810318772194,0.5095695641255481,11.0,21.86718176474003,18.0,0.660152
27,9.75,8.69212536891671,64.69878551978034,6.565810318772194,0.5095695641255481,11.0,21.86718176474003,15.0,0.661784
28,9.75,8.69212536891671,64.69878551978034,6.565810318772194,0.5095695641255481,11.0,21.86718176474003,22.0,0.668511
29,9.75,8.69212536891671,64.69878551978034,6.565810318772194,0.5095695641255481,11.0,21.86718176474003,19.0,0.664978
0,10.25,-1.560633132253681,49.422122517937254,3.2909846396336686,41.83795762998386,11.0,19.331404764257034,22,6e-06
1,10.25,-1.560633132253681,49.422122517937254,3.2909846396336686,41.83795762998386,11.0,19.331404764257034,22,1e-06
2,10.25,-1.560633132253681,49.422122517937254,3.2909846396336686,41.83795762998386,11.0,19.331404764257034,22,1e-06
3,10.25,-1.560633132253681,49.422122517937254,3.2909846396336686,41.83795762998386,11.0,19.331404764257034,22,1e-06
4,10.25,-1.560633132253681,49.422122517937254,3.2909846396336686,41.83795762998386,11.0,19.331404764257034,22,1e-06
5,10.25,-1.560633132253681,49.422122517937254,3.2909846396336686,41.83795762998386,11.0,19.331404764257034,22,1e-06
6,10.25,-1.560633132253681,49.422122517937254,3.2909846396336686,41.83795762998386,11.0,19.331404764257034,22,1e-06
7,10.25,-1.560633132253681,49.422122517937254,3.2909846396336686,41.83795762998386,11.0,19.331404764257034,22,0.0
8,10.25,-1.560633132253681,49.422122517937254,3.2909846396336686,41.83795762998386,11.0,19.331404764257034,22,1e-06
9,10.25,-1.560633132253681,49.422122517937254,3.2909846396336686,41.83795762998386,11.0,19.331404764257034,22,1e-06
10,10.25,-1.560633132253681,49.422122517937254,3.2909846396336686,41.83795762998386,11.0,19.331404764257034,22,1e-06
11,10.25,-1.560633132253681,49.422122517937254,3.2909846396336686,41.83795762998386,11.0,19.331404764257034,22,0.0
12,10.25,-1.560633132253681,49.422122517937254,3.2909846396336686,41.83795762998386,11.0,19.331404764257034,22,1e-06
13,10.25,-1.560633132253681,49.422122517937254,3.2909846396336686,41.83795762998386,11.0,19.331404764257034,22,1e-06
14,10.25,-1.560633132253681,49.422122517937254,3.2909846396336686,41.83795762998386,11.0,19.331404764257034,22,0.0
15,10.25,-1.560633132253681,49.422122517937254,3.2909846396336686,41.83795762998386,11.0,19.331404764257034,22,1e-06
16,10.25,-1.560633132253681,49.422122517937254,3.2909846396336686,41.83795762998386,11.0,19.331404764257034,22,1e-06
17,10.25,-1.560633132253681,49.422122517937254,3.2909846396336686,41.83795762998386,11.0,19.331404764257034,22,1e-06
18,10.25,-1.560633132253681,49.422122517937254,3.2909846396336686,41.83795762998386,11.0,19.331404764257034,22,1e-06
19,10.25,-1.560633132253681,49.422122517937254,3.2909846396336686,41.83795762998386,11.0,19.331404764257034,22,1e-06
20,10.25,-1.560633132253681,49.422122517937254,3.2909846396336686,41.83795762998386,11.0,19.331404764257034,22,1e-06
21,10.25,-1.560633132253681,49.422122517937254,3.2909846396336686,41.83795762998386,11.0,19.331404764257034,22,0.0
22,10.25,-1.560633132253681,49.422122517937254,3.2909846396336686,41.83795762998386,11.0,19.331404764257034,22,1e-06
23,10.25,-1.560633132253681,49.422122517937254,3.2909846396336686,41.83795762998386,11.0,19.331404764257034,22,1e-06
24,10.25,-1.560633132253681,49.422122517937254,3.2909846396336686,41.83795762998386,11.0,19.331404764257034,22,1e-06
25,10.25,-1.560633132253681,49.422122517937254,3.2909846396336686,41.83795762998386,11.0,19.331404764257034,22,0.0
26,10.25,-1.560633132253681,49.422122517937254,3.2909846396336686,41.83795762998386,11.0,19.331404764257034,22,1e-06
27,10.25,-1.560633132253681,49.422122517937254,3.2909846396336686,41.83795762998386,11.0,19.331404764257034,22,1e-06
28,10.25,-1.560633132253681,49.422122517937254,3.2909846396336686,41.83795762998386,11.0,19.331404764257034,22,1e-06
29,10.25,-1.560633132253681,49.422122517937254,3.2909846396336686,41.83795762998386,11.0,19.331404764257034,22,0.0
0,8.75,27.674842148338428,79.85513142767465,15.269989206291255,393.81169040731567,11.0,28.29443017254676,22,3e-06
1,8.75,27.674842148338428,79.85513142767465,15.269989206291255,393.81169040731567,11.0,28.29443017254676,22,1e-06
2,8.75,27.674842148338428,79.85513142767465,15.269989206291255,393.81169040731567,11.0,28.29443017254676,22,1e-06
3,8.75,27.674842148338428,79.85513142767465,15.269989206291255,393.81169040731567,11.0,28.29443017254676,22,1e-06
4,8.75,27.674842148338428,79.85513142767465,15.269989206291255,393.81169040731567,11.0,28.29443017254676,22,0.0
5,8.75,27.674842148338428,79.85513142767465,15.269989206291255,393.81169040731567,11.0,28.29443017254676,22,1e-06
6,8.75,27.674842148338428,79.85513142767465,15.269989206291255,393.81169040731567,11.0,28.29443017254676,22,1e-06
7,8.75,27.674842148338428,79.85513142767465,15.269989206291255,393.81169040731567,11.0,28.29443017254676,22,0.0
8,8.75,27.674842148338428,79.85513142767465,15.269989206291255,393.81169040731567,11.0,28.29443017254676,22,1e-06
9,8.75,27.674842148338428,79.85513142767465,15.269989206291255,393.81169040731567,11.0,28.29443017254676,22,1e-06
10,8.75,27.674842148338428,79.85513142767465,15.269989206291255,393.81169040731567,11.0,28.29443017254676,22,1e-06
11,8.75,27.674842148338428,79.85513142767465,15.269989206291255,393.81169040731567,11.0,28.29443017254676,22,1e-06
12,8.75,27.674842148338428,79.85513142767465,15.269989206291255,393.81169040731567,11.0,28.29443017254676,22,1e-06
13,8.75,27.674842148338428,79.85513142767465,15.269989206291255,393.81169040731567,11.0,28.29443017254676,22,0.0
14,8.75,27.674842148338428,79.85513142767465,15.269989206291255,393.81169040731567,11.0,28.29443017254676,22,1e-06
15,8.75,27.674842148338428,79.85513142767465,15.269989206291255,393.81169040731567,11.0,28.29443017254676,22,0.0
16,8.75,27.674842148338428,79.85513142767465,15.269989206291255,393.81169040731567,11.0,28.29443017254676,22,1e-06
17,8.75,27.674842148338428,79.85513142767465,15.269989206291255,393.81169040731567,11.0,28.29443017254676,22,1e-06
18,8.75,27.674842148338428,79.85513142767465,15.269989206291255,393.81169040731567,11.0,28.29443017254676,22,0.0
19,8.75,27.674842148338428,79.85513142767465,15.269989206291255,393.81169040731567,11.0,28.29443017254676,22,1e-06
20,8.75,27.674842148338428,79.85513142767465,15.269989206291255,393.81169040731567,11.0,28.29443017254676,22,1e-06
21,8.75,27.674842148338428,79.85513142767465,15.269989206291255,393.81169040731567,11.0,28.29443017254676,22,1e-06
22,8.75,27.674842148338428,79.85513142767465,15.269989206291255,393.81169040731567,11.0,28.29443017254676,22,0.0
23,8.75,27.674842148338428,79.85513142767465,15.269989206291255,393.81169040731567,11.0,28.29443017254676,22,1e-06
24,8.75,27.674842148338428,79.85513142767465,15.269989206291255,393.81169040731567,11.0,28.29443017254676,22,1e-06
25,8.75,27.674842148338428,79.85513142767465,15.269989206291255,393.81169040731567,11.0,28.29443017254676,22,1e-06
26,8.75,27.674842148338428,79.85513142767465,15.269989206291255,393.81169040731567,11.0,28.29443017254676,22,0.0
27,8.75,27.674842148338428,79.85513142767465,15.269989206291255,393.81169040731567,11.0,28.29443017254676,22,1e-06
28,8.75,27.674842148338428,79.85513142767465,15.269989206291255,393.81169040731567,11.0,28.29443017254676,22,1e-06
29,8.75,27.674842148338428,79.85513142767465,15.269989206291255,393.81169040731567,11.0,28.29443017254676,22,1e-06
0,17.25,12.964077075339876,84.53685896615245,4.09143087649977,1.1611300618370666,0.0,21.78381702992972,18.0,0.574194
1,17.25,12.964077075339876,84.53685896615245,4.09143087649977,1.1611300618370666,0.0,21.78381702992972,19.0,0.587159
2,17.25,12.964077075339876,84.53685896615245,4.09143087649977,1.1611300618370666,0.0,21.78381702992972,15.0,0.613717
3,17.25,12.964077075339876,84.53685896615245,4.09143087649977,1.1611300618370666,0.0,21.78381702992972,18.0,0.589431
4,17.25,12.964077075339876,84.53685896615245,4.09143087649977,1.1611300618370666,0.0,21.78381702992972,21.0,0.567223
5,17.25,12.964077075339876,84.53685896615245,4.09143087649977,1.1611300618370666,0.0,21.78381702992972,20.0,0.564964
6,17.25,12.964077075339876,84.53685896615245,4.09143087649977,1.1611300618370666,0.0,21.78381702992972,17.0,0.564768
7,17.25,12.964077075339876,84.53685896615245,4.09143087649977,1.1611300618370666,0.0,21.78381702992972,16.0,0.568999
8,17.25,12.964077075339876,84.53685896615245,4.09143087649977,1.1611300618370666,0.0,21.78381702992972,16.0,0.567763
9,17.25,12.964077075339876,84.53685896615245,4.09143087649977,1.1611300618370666,0.0,21.78381702992972,16.0,0.570502
10,17.25,12.964077075339876,84.53685896615245,4.09143087649977,1.1611300618370666,0.0,21.78381702992972,16.0,0.559767
11,17.25,12.964077075339876,84.53685896615245,4.09143087649977,1.1611300618370666,0.0,21.78381702992972,16.0,0.569956
12,17.25,12.964077075339876,84.53685896615245,4.09143087649977,1.1611300618370666,0.0,21.78381702992972,15.0,0.56488
13,17.25,12.964077075339876,84.53685896615245,4.09143087649977,1.1611300618370666,0.0,21.78381702992972,15.0,0.571561
14,17.25,12.964077075339876,84.53685896615245,4.09143087649977,1.1611300618370666,0.0,21.78381702992972,20.0,0.569019
15,17.25,12.964077075339876,84.53685896615245,4.09143087649977,1.1611300618370666,0.0,21.78381702992972,22.0,0.566058
16,17.25,12.964077075339876,84.53685896615245,4.09143087649977,1.1611300618370666,0.0,21.78381702992972,16.0,0.570647
17,17.25,12.964077075339876,84.53685896615245,4.09143087649977,1.1611300618370666,0.0,21.78381702992972,15.0,0.565974
18,17.25,12.964077075339876,84.53685896615245,4.09143087649977,1.1611300618370666,0.0,21.78381702992972,22.0,0.563856
19,17.25,12.964077075339876,84.53685896615245,4.09143087649977,1.1611300618370666,0.0,21.78381702992972,18.0,0.563014
20,17.25,12.964077075339876,84.53685896615245,4.09143087649977,1.1611300618370666,0.0,21.78381702992972,16.0,0.562535
21,17.25,12.964077075339876,84.53685896615245,4.09143087649977,1.1611300618370666,0.0,21.78381702992972,15.0,0.560381
22,17.25,12.964077075339876,84.53685896615245,4.09143087649977,1.1611300618370666,0.0,21.78381702992972,16.0,0.560764
23,17.25,12.964077075339876,84.53685896615245,4.09143087649977,1.1611300618370666,0.0,21.78381702992972,17.0,0.56922
24,17.25,12.964077075339876,84.53685896615245,4.09143087649977,1.1611300618370666,0.0,21.78381702992972,17.0,0.60564
25,17.25,12.964077075339876,84.53685896615245,4.09143087649977,1.1611300618370666,0.0,21.78381702992972,16.0,0.563645
26,17.25,12.964077075339876,84.53685896615245,4.09143087649977,1.1611300618370666,0.0,21.78381702992972,15.0,0.556782
27,17.25,12.964077075339876,84.53685896615245,4.09143087649977,1.1611300618370666,0.0,21.78381702992972,16.0,0.565699
28,17.25,12.964077075339876,84.53685896615245,4.09143087649977,1.1611300618370666,0.0,21.78381702992972,19.0,0.563511
29,17.25,12.964077075339876,84.53685896615245,4.09143087649977,1.1611300618370666,0.0,21.78381702992972,19.0,0.564789
0,15.25,19.529522287305554,48.46487717815842,3.659371425092835,0.0,0.0,23.04626554807849,15.0,0.568927
1,15.25,19.529522287305554,48.46487717815842,3.659371425092835,0.0,0.0,23.04626554807849,16.0,0.576497
2,15.25,19.529522287305554,48.46487717815842,3.659371425092835,0.0,0.0,23.04626554807849,15.0,0.569175
3,15.25,19.529522287305554,48.46487717815842,3.659371425092835,0.0,0.0,23.04626554807849,17.0,0.579659
4,15.25,19.529522287305554,48.46487717815842,3.659371425092835,0.0,0.0,23.04626554807849,17.0,0.59782
5,15.25,19.529522287305554,48.46487717815842,3.659371425092835,0.0,0.0,23.04626554807849,15.0,0.598762
6,15.25,19.529522287305554,48.46487717815842,3.659371425092835,0.0,0.0,23.04626554807849,15.0,0.584077
7,15.25,19.529522287305554,48.46487717815842,3.659371425092835,0.0,0.0,23.04626554807849,19.0,0.594617
8,15.25,19.529522287305554,48.46487717815842,3.659371425092835,0.0,0.0,23.04626554807849,15.0,0.590602
9,15.25,19.529522287305554,48.46487717815842,3.659371425092835,0.0,0.0,23.04626554807849,16.0,0.593501
10,15.25,19.529522287305554,48.46487717815842,3.659371425092835,0.0,0.0,23.04626554807849,16.0,0.594961
11,15.25,19.529522287305554,48.46487717815842,3.659371425092835,0.0,0.0,23.04626554807849,17.0,0.595014
12,15.25,19.529522287305554,48.46487717815842,3.659371425092835,0.0,0.0,23.04626554807849,17.0,0.597092
13,15.25,19.529522287305554,48.46487717815842,3.659371425092835,0.0,0.0,23.04626554807849,22.0,0.580763
14,15.25,19.529522287305554,48.46487717815842,3.659371425092835,0.0,0.0,23.04626554807849,16.0,0.572858
15,15.25,19.529522287305554,48.46487717815842,3.659371425092835,0.0,0.0,23.04626554807849,17.0,0.592886
16,15.25,19.529522287305554,48.46487717815842,3.659371425092835,0.0,0.0,23.04626554807849,17.0,0.613345
17,15.25,19.529522287305554,48.46487717815842,3.659371425092835,0.0,0.0,23.04626554807849,15.0,0.585459
18,15.25,19.529522287305554,48.46487717815842,3.659371425092835,0.0,0.0,23.04626554807849,15.0,0.591221
19,15.25,19.529522287305554,48.46487717815842,3.659371425092835,0.0,0.0,23.04626554807849,17.0,0.586928
20,15.25,19.529522287305554,48.46487717815842,3.659371425092835,0.0,0.0,23.04626554807849,18.0,0.566814
21,15.25,19.529522287305554,48.46487717815842,3.659371425092835,0.0,0.0,23.04626554807849,21.0,0.571468
22,15.25,19.529522287305554,48.46487717815842,3.659371425092835,0.0,0.0,23.04626554807849,15.0,0.57694
23,15.25,19.529522287305554,48.46487717815842,3.659371425092835,0.0,0.0,23.04626554807849,20.0,0.56661
24,15.25,19.529522287305554,48.46487717815842,3.659371425092835,0.0,0.0,23.04626554807849,15.0,0.561215
25,15.25,19.529522287305554,48.46487717815842,3.659371425092835,0.0,0.0,23.04626554807849,18.0,0.577979
26,15.25,19.529522287305554,48.46487717815842,3.659371425092835,0.0,0.0,23.04626554807849,16.0,0.563069
27,15.25,19.529522287305554,48.46487717815842,3.659371425092835,0.0,0.0,23.04626554807849,16.0,0.564028
28,15.25,19.529522287305554,48.46487717815842,3.659371425092835,0.0,0.0,23.04626554807849,16.0,0.567653
29,15.25,19.529522287305554,48.46487717815842,3.659371425092835,0.0,0.0,23.04626554807849,15.0,0.565365
0,14.75,3.874368669025791,89.7088564907778,4.073418530218426,0.0,11.0,22.707427481865206,20.0,0.700356
1,14.75,3.874368669025791,89.7088564907778,4.073418530218426,0.0,11.0,22.707427481865206,17.0,0.710688
2,14.75,3.874368669025791,89.7088564907778,4.073418530218426,0.0,11.0,22.707427481865206,15.0,0.705922
3,14.75,3.874368669025791,89.7088564907778,4.073418530218426,0.0,11.0,22.707427481865206,16.0,0.68184
4,14.75,3.874368669025791,89.7088564907778,4.073418530218426,0.0,11.0,22.707427481865206,17.0,0.67831
5,14.75,3.874368669025791,89.7088564907778,4.073418530218426,0.0,11.0,22.707427481865206,17.0,0.713464
6,14.75,3.874368669025791,89.7088564907778,4.073418530218426,0.0,11.0,22.707427481865206,18.0,0.68218
7,14.75,3.874368669025791,89.7088564907778,4.073418530218426,0.0,11.0,22.707427481865206,15.0,0.67526
8,14.75,3.874368669025791,89.7088564907778,4.073418530218426,0.0,11.0,22.707427481865206,16.0,0.69884
9,14.75,3.874368669025791,89.7088564907778,4.073418530218426,0.0,11.0,22.707427481865206,15.0,0.690827
10,14.75,3.874368669025791,89.7088564907778,4.073418530218426,0.0,11.0,22.707427481865206,15.0,0.694381
11,14.75,3.874368669025791,89.7088564907778,4.073418530218426,0.0,11.0,22.707427481865206,15.0,0.705807
12,14.75,3.874368669025791,89.7088564907778,4.073418530218426,0.0,11.0,22.707427481865206,16.0,0.712796
13,14.75,3.874368669025791,89.7088564907778,4.073418530218426,0.0,11.0,22.707427481865206,16.0,0.705177
14,14.75,3.874368669025791,89.7088564907778,4.073418530218426,0.0,11.0,22.707427481865206,17.0,0.707134
15,14.75,3.874368669025791,89.7088564907778,4.073418530218426,0.0,11.0,22.707427481865206,20.0,0.702925
16,14.75,3.874368669025791,89.7088564907778,4.073418530218426,0.0,11.0,22.707427481865206,15.0,0.697432
17,14.75,3.874368669025791,89.7088564907778,4.073418530218426,0.0,11.0,22.707427481865206,15.0,0.707976
18,14.75,3.874368669025791,89.7088564907778,4.073418530218426,0.0,11.0,22.707427481865206,17.0,0.70034
19,14.75,3.874368669025791,89.7088564907778,4.073418530218426,0.0,11.0,22.707427481865206,16.0,0.700933
20,14.75,3.874368669025791,89.7088564907778,4.073418530218426,0.0,11.0,22.707427481865206,18.0,0.700193
21,14.75,3.874368669025791,89.7088564907778,4.073418530218426,0.0,11.0,22.707427481865206,15.0,0.69685
22,14.75,3.874368669025791,89.7088564907778,4.073418530218426,0.0,11.0,22.707427481865206,15.0,0.706541
23,14.75,3.874368669025791,89.7088564907778,4.073418530218426,0.0,11.0,22.707427481865206,15.0,0.716535
24,14.75,3.874368669025791,89.7088564907778,4.073418530218426,0.0,11.0,22.707427481865206,18.0,0.695785
25,14.75,3.874368669025791,89.7088564907778,4.073418530218426,0.0,11.0,22.707427481865206,18.0,0.71883
26,14.75,3.874368669025791,89.7088564907778,4.073418530218426,0.0,11.0,22.707427481865206,16.0,0.711777
27,14.75,3.874368669025791,89.7088564907778,4.073418530218426,0.0,11.0,22.707427481865206,15.0,0.702692
28,14.75,3.874368669025791,89.7088564907778,4.073418530218426,0.0,11.0,22.707427481865206,16.0,0.707134
29,14.75,3.874368669025791,89.7088564907778,4.073418530218426,0.0,11.0,22.707427481865206,19.0,0.695997
0,12.25,2.1357179075225847,55.98889448827318,3.9655590533984264,398.25295430205574,4.4,24.855552979389138,22,5e-06
1,12.25,2.1357179075225847,55.98889448827318,3.9655590533984264,398.25295430205574,4.4,24.855552979389138,22,1e-06
2,12.25,2.1357179075225847,55.98889448827318,3.9655590533984264,398.25295430205574,4.4,24.855552979389138,22,1e-06
3,12.25,2.1357179075225847,55.98889448827318,3.9655590533984264,398.25295430205574,4.4,24.855552979389138,22,1e-06
4,12.25,2.1357179075225847,55.98889448827318,3.9655590533984264,398.25295430205574,4.4,24.855552979389138,22,1e-06
5,12.25,2.1357179075225847,55.98889448827318,3.9655590533984264,398.25295430205574,4.4,24.855552979389138,22,1e-06
6,12.25,2.1357179075225847,55.98889448827318,3.9655590533984264,398.25295430205574,4.4,24.855552979389138,22,1e-06
7,12.25,2.1357179075225847,55.98889448827318,3.9655590533984264,398.25295430205574,4.4,24.855552979389138,22,1e-06
8,12.25,2.1357179075225847,55.98889448827318,3.9655590533984264,398.25295430205574,4.4,24.855552979389138,22,1e-06
9,12.25,2.1357179075225847,55.98889448827318,3.9655590533984264,398.25295430205574,4.4,24.855552979389138,22,0.0
10,12.25,2.1357179075225847,55.98889448827318,3.9655590533984264,398.25295430205574,4.4,24.855552979389138,22,1e-06
11,12.25,2.1357179075225847,55.98889448827318,3.9655590533984264,398.25295430205574,4.4,24.855552979389138,22,1e-06
12,12.25,2.1357179075225847,55.98889448827318,3.9655590533984264,398.25295430205574,4.4,24.855552979389138,22,1e-06
13,12.25,2.1357179075225847,55.98889448827318,3.9655590533984264,398.25295430205574,4.4,24.855552979389138,22,1e-06
14,12.25,2.1357179075225847,55.98889448827318,3.9655590533984264,398.25295430205574,4.4,24.855552979389138,22,1e-06
15,12.25,2.1357179075225847,55.98889448827318,3.9655590533984264,398.25295430205574,4.4,24.855552979389138,22,1e-06
16,12.25,2.1357179075225847,55.98889448827318,3.9655590533984264,398.25295430205574,4.4,24.855552979389138,22,1e-06
17,12.25,2.1357179075225847,55.98889448827318,3.9655590533984264,398.25295430205574,4.4,24.855552979389138,22,1e-06
18,12.25,2.1357179075225847,55.98889448827318,3.9655590533984264,398.25295430205574,4.4,24.855552979389138,22,1e-06
19,12.25,2.1357179075225847,55.98889448827318,3.9655590533984264,398.25295430205574,4.4,24.855552979389138,22,1e-06
20,12.25,2.1357179075225847,55.98889448827318,3.9655590533984264,398.25295430205574,4.4,24.855552979389138,22,1e-06
21,12.25,2.1357179075225847,55.98889448827318,3.9655590533984264,398.25295430205574,4.4,24.855552979389138,22,0.0
22,12.25,2.1357179075225847,55.98889448827318,3.9655590533984264,398.25295430205574,4.4,24.855552979389138,22,1e-06
23,12.25,2.1357179075225847,55.98889448827318,3.9655590533984264,398.25295430205574,4.4,24.855552979389138,22,1e-06
24,12.25,2.1357179075225847,55.98889448827318,3.9655590533984264,398.25295430205574,4.4,24.855552979389138,22,0.0
25,12.25,2.1357179075225847,55.98889448827318,3.9655590533984264,398.25295430205574,4.4,24.855552979389138,22,1e-06
26,12.25,2.1357179075225847,55.98889448827318,3.9655590533984264,398.25295430205574,4.4,24.855552979389138,22,1e-06
27,12.25,2.1357179075225847,55.98889448827318,3.9655590533984264,398.25295430205574,4.4,24.855552979389138,22,1e-06
28,12.25,2.1357179075225847,55.98889448827318,3.9655590533984264,398.25295430205574,4.4,24.855552979389138,22,1e-06
29,12.25,2.1357179075225847,55.98889448827318,3.9655590533984264,398.25295430205574,4.4,24.855552979389138,22,1e-06
0,16.0,-1.011782308416244,78.39931255016127,5.8803328330998825,0.0,11.0,21.766028264561715,18.0,0.694272
1,16.0,-1.011782308416244,78.39931255016127,5.8803328330998825,0.0,11.0,21.766028264561715,17.0,0.697645
2,16.0,-1.011782308416244,78.39931255016127,5.8803328330998825,0.0,11.0,21.766028264561715,16.0,0.702126
3,16.0,-1.011782308416244,78.39931255016127,5.8803328330998825,0.0,11.0,21.766028264561715,16.0,0.718442
4,16.0,-1.011782308416244,78.39931255016127,5.8803328330998825,0.0,11.0,21.766028264561715,20.0,0.700292
5,16.0,-1.011782308416244,78.39931255016127,5.8803328330998825,0.0,11.0,21.766028264561715,17.0,0.697767
6,16.0,-1.011782308416244,78.39931255016127,5.8803328330998825,0.0,11.0,21.766028264561715,19.0,0.696226
7,16.0,-1.011782308416244,78.39931255016127,5.8803328330998825,0.0,11.0,21.766028264561715,18.0,0.704705
8,16.0,-1.011782308416244,78.39931255016127,5.8803328330998825,0.0,11.0,21.766028264561715,17.0,0.712513
9,16.0,-1.011782308416244,78.39931255016127,5.8803328330998825,0.0,11.0,21.766028264561715,15.0,0.697387
10,16.0,-1.011782308416244,78.39931255016127,5.8803328330998825,0.0,11.0,21.766028264561715,15.0,0.702684
11,16.0,-1.011782308416244,78.39931255016127,5.8803328330998825,0.0,11.0,21.766028264561715,18.0,0.704334
12,16.0,-1.011782308416244,78.39931255016127,5.8803328330998825,0.0,11.0,21.766028264561715,19.0,0.706229
13,16.0,-1.011782308416244,78.39931255016127,5.8803328330998825,0.0,11.0,21.766028264561715,16.0,0.699366
14,16.0,-1.011782308416244,78.39931255016127,5.8803328330998825,0.0,11.0,21.766028264561715,19.0,0.69434
15,16.0,-1.011782308416244,78.39931255016127,5.8803328330998825,0.0,11.0,21.766028264561715,15.0,0.699529
16,16.0,-1.011782308416244,78.39931255016127,5.8803328330998825,0.0,11.0,21.766028264561715,16.0,0.693598
17,16.0,-1.011782308416244,78.39931255016127,5.8803328330998825,0.0,11.0,21.766028264561715,15.0,0.693929
18,16.0,-1.011782308416244,78.39931255016127,5.8803328330998825,0.0,11.0,21.766028264561715,16.0,0.69924
19,16.0,-1.011782308416244,78.39931255016127,5.8803328330998825,0.0,11.0,21.766028264561715,20.0,0.695164
20,16.0,-1.011782308416244,78.39931255016127,5.8803328330998825,0.0,11.0,21.766028264561715,16.0,0.702997
21,16.0,-1.011782308416244,78.39931255016127,5.8803328330998825,0.0,11.0,21.766028264561715,16.0,0.700885
22,16.0,-1.011782308416244,78.39931255016127,5.8803328330998825,0.0,11.0,21.766028264561715,15.0,0.6899
23,16.0,-1.011782308416244,78.39931255016127,5.8803328330998825,0.0,11.0,21.766028264561715,15.0,0.702949
24,16.0,-1.011782308416244,78.39931255016127,5.8803328330998825,0.0,11.0,21.766028264561715,15.0,0.699338
25,16.0,-1.011782308416244,78.39931255016127,5.8803328330998825,0.0,11.0,21.766028264561715,18.0,0.697945
26,16.0,-1.011782308416244,78.39931255016127,5.8803328330998825,0.0,11.0,21.766028264561715,20.0,0.708684
27,16.0,-1.011782308416244,78.39931255016127,5.8803328330998825,0.0,11.0,21.766028264561715,17.0,0.701545
28,16.0,-1.011782308416244,78.39931255016127,5.8803328330998825,0.0,11.0,21.766028264561715,18.0,0.703318
29,16.0,-1.011782308416244,78.39931255016127,5.8803328330998825,0.0,11.0,21.766028264561715,17.0,0.693444
0,8.75,0.8367346309945101,92.84376614743972,0.7550004569341691,0.0,11.0,23.228218785686355,17.0,0.724281
1,8.75,0.8367346309945101,92.84376614743972,0.7550004569341691,0.0,11.0,23.228218785686355,16.0,0.689045
2,8.75,0.8367346309945101,92.84376614743972,0.7550004569341691,0.0,11.0,23.228218785686355,17.0,0.717048
3,8.75,0.8367346309945101,92.84376614743972,0.7550004569341691,0.0,11.0,23.228218785686355,16.0,0.7009
4,8.75,0.8367346309945101,92.84376614743972,0.7550004569341691,0.0,11.0,23.228218785686355,18.0,0.701684
5,8.75,0.8367346309945101,92.84376614743972,0.7550004569341691,0.0,11.0,23.228218785686355,15.0,0.678327
6,8.75,0.8367346309945101,92.84376614743972,0.7550004569341691,0.0,11.0,23.228218785686355,16.0,0.678452
7,8.75,0.8367346309945101,92.84376614743972,0.7550004569341691,0.0,11.0,23.228218785686355,16.0,0.686944
8,8.75,0.8367346309945101,92.84376614743972,0.7550004569341691,0.0,11.0,23.228218785686355,17.0,0.68149
9,8.75,0.8367346309945101,92.84376614743972,0.7550004569341691,0.0,11.0,23.228218785686355,17.0,0.686223
10,8.75,0.8367346309945101,92.84376614743972,0.7550004569341691,0.0,11.0,23.228218785686355,16.0,0.677312
11,8.75,0.8367346309945101,92.84376614743972,0.7550004569341691,0.0,11.0,23.228218785686355,19.0,0.693732
12,8.75,0.8367346309945101,92.84376614743972,0.7550004569341691,0.0,11.0,23.228218785686355,17.0,0.695679
13,8.75,0.8367346309945101,92.84376614743972,0.7550004569341691,0.0,11.0,23.228218785686355,16.0,0.687226
14,8.75,0.8367346309945101,92.84376614743972,0.7550004569341691,0.0,11.0,23.228218785686355,16.0,0.694343
15,8.75,0.8367346309945101,92.84376614743972,0.7550004569341691,0.0,11.0,23.228218785686355,16.0,0.721835
16,8.75,0.8367346309945101,92.84376614743972,0.7550004569341691,0.0,11.0,23.228218785686355,17.0,0.697659
17,8.75,0.8367346309945101,92.84376614743972,0.7550004569341691,0.0,11.0,23.228218785686355,21.0,0.684234
18,8.75,0.8367346309945101,92.84376614743972,0.7550004569341691,0.0,11.0,23.228218785686355,15.0,0.694598
19,8.75,0.8367346309945101,92.84376614743972,0.7550004569341691,0.0,11.0,23.228218785686355,15.0,0.690398
20,8.75,0.8367346309945101,92.84376614743972,0.7550004569341691,0.0,11.0,23.228218785686355,15.0,0.695564
21,8.75,0.8367346309945101,92.84376614743972,0.7550004569341691,0.0,11.0,23.228218785686355,21.0,0.70294
22,8.75,0.8367346309945101,92.84376614743972,0.7550004569341691,0.0,11.0,23.228218785686355,21.0,0.695894
23,8.75,0.8367346309945101,92.84376614743972,0.7550004569341691,0.0,11.0,23.228218785686355,19.0,0.695376
24,8.75,0.8367346309945101,92.84376614743972,0.7550004569341691,0.0,11.0,23.228218785686355,16.0,0.681203
25,8.75,0.8367346309945101,92.84376614743972,0.7550004569341691,0.0,11.0,23.228218785686355,17.0,0.686455
26,8.75,0.8367346309945101,92.84376614743972,0.7550004569341691,0.0,11.0,23.228218785686355,15.0,0.690216
27,8.75,0.8367346309945101,92.84376614743972,0.7550004569341691,0.0,11.0,23.228218785686355,15.0,0.687993
28,8.75,0.8367346309945101,92.84376614743972,0.7550004569341691,0.0,11.0,23.228218785686355,16.0,0.689506
29,8.75,0.8367346309945101,92.84376614743972,0.7550004569341691,0.0,11.0,23.228218785686355,15.0,0.689442
0,9.5,24.41337353945441,66.86919548210312,8.151241992033551,0.6749485126873445,11.0,22.707994074834314,15.0,0.737483
1,9.5,24.41337353945441,66.86919548210312,8.151241992033551,0.6749485126873445,11.0,22.707994074834314,19.0,0.722961
2,9.5,24.41337353945441,66.86919548210312,8.151241992033551,0.6749485126873445,11.0,22.707994074834314,16.0,0.684793
3,9.5,24.41337353945441,66.86919548210312,8.151241992033551,0.6749485126873445,11.0,22.707994074834314,18.0,0.687012
4,9.5,24.41337353945441,66.86919548210312,8.151241992033551,0.6749485126873445,11.0,22.707994074834314,16.0,0.68038
5,9.5,24.41337353945441,66.86919548210312,8.151241992033551,0.6749485126873445,11.0,22.707994074834314,16.0,0.685886
6,9.5,24.41337353945441,66.86919548210312,8.151241992033551,0.6749485126873445,11.0,22.707994074834314,16.0,0.684966
7,9.5,24.41337353945441,66.86919548210312,8.151241992033551,0.6749485126873445,11.0,22.707994074834314,17.0,0.675478
8,9.5,24.41337353945441,66.86919548210312,8.151241992033551,0.6749485126873445,11.0,22.707994074834314,15.0,0.6826
9,9.5,24.41337353945441,66.86919548210312,8.151241992033551,0.6749485126873445,11.0,22.707994074834314,19.0,0.686949
10,9.5,24.41337353945441,66.86919548210312,8.151241992033551,0.6749485126873445,11.0,22.707994074834314,16.0,0.683849
11,9.5,24.41337353945441,66.86919548210312,8.151241992033551,0.6749485126873445,11.0,22.707994074834314,18.0,0.684018
12,9.5,24.41337353945441,66.86919548210312,8.151241992033551,0.6749485126873445,11.0,22.707994074834314,16.0,0.705606
13,9.5,24.41337353945441,66.86919548210312,8.151241992033551,0.6749485126873445,11.0,22.707994074834314,15.0,0.705068
14,9.5,24.41337353945441,66.86919548210312,8.151241992033551,0.6749485126873445,11.0,22.707994074834314,16.0,0.71323
15,9.5,24.41337353945441,66.86919548210312,8.151241992033551,0.6749485126873445,11.0,22.707994074834314,17.0,0.683348
16,9.5,24.41337353945441,66.86919548210312,8.151241992033551,0.6749485126873445,11.0,22.707994074834314,15.0,0.68253
17,9.5,24.41337353945441,66.86919548210312,8.151241992033551,0.6749485126873445,11.0,22.707994074834314,15.0,0.680551
18,9.5,24.41337353945441,66.86919548210312,8.151241992033551,0.6749485126873445,11.0,22.707994074834314,16.0,0.675496
19,9.5,24.41337353945441,66.86919548210312,8.151241992033551,0.6749485126873445,11.0,22.707994074834314,15.0,0.682372
20,9.5,24.41337353945441,66.86919548210312,8.151241992033551,0.6749485126873445,11.0,22.707994074834314,15.0,0.680291
21,9.5,24.41337353945441,66.86919548210312,8.151241992033551,0.6749485126873445,11.0,22.707994074834314,18.0,0.676555
22,9.5,24.41337353945441,66.86919548210312,8.151241992033551,0.6749485126873445,11.0,22.707994074834314,15.0,0.675272
23,9.5,24.41337353945441,66.86919548210312,8.151241992033551,0.6749485126873445,11.0,22.707994074834314,15.0,0.677248
24,9.5,24.41337353945441,66.86919548210312,8.151241992033551,0.6749485126873445,11.0,22.707994074834314,17.0,0.714913
25,9.5,24.41337353945441,66.86919548210312,8.151241992033551,0.6749485126873445,11.0,22.707994074834314,18.0,0.797996
26,9.5,24.41337353945441,66.86919548210312,8.151241992033551,0.6749485126873445,11.0,22.707994074834314,16.0,0.673146
27,9.5,24.41337353945441,66.86919548210312,8.151241992033551,0.6749485126873445,11.0,22.707994074834314,17.0,0.711036
28,9.5,24.41337353945441,66.86919548210312,8.151241992033551,0.6749485126873445,11.0,22.707994074834314,18.0,0.694242
29,9.5,24.41337353945441,66.86919548210312,8.151241992033551,0.6749485126873445,11.0,22.707994074834314,17.0,0.688563
0,15.25,-5.500665319596762,49.50416020228487,8.858703032112647,253.43544122310132,11.0,18.286648907916966,22,5e-06
1,15.25,-5.500665319596762,49.50416020228487,8.858703032112647,253.43544122310132,11.0,18.286648907916966,22,1e-06
2,15.25,-5.500665319596762,49.50416020228487,8.858703032112647,253.43544122310132,11.0,18.286648907916966,22,0.0
3,15.25,-5.500665319596762,49.50416020228487,8.858703032112647,253.43544122310132,11.0,18.286648907916966,22,1e-06
4,15.25,-5.500665319596762,49.50416020228487,8.858703032112647,253.43544122310132,11.0,18.286648907916966,22,1e-06
5,15.25,-5.500665319596762,49.50416020228487,8.858703032112647,253.43544122310132,11.0,18.286648907916966,22,1e-06
6,15.25,-5.500665319596762,49.50416020228487,8.858703032112647,253.43544122310132,11.0,18.286648907916966,22,1e-06
7,15.25,-5.500665319596762,49.50416020228487,8.858703032112647,253.43544122310132,11.0,18.286648907916966,22,1e-06
8,15.25,-5.500665319596762,49.50416020228487,8.858703032112647,253.43544122310132,11.0,18.286648907916966,22,0.0
9,15.25,-5.500665319596762,49.50416020228487,8.858703032112647,253.43544122310132,11.0,18.286648907916966,22,1e-06
10,15.25,-5.500665319596762,49.50416020228487,8.858703032112647,253.43544122310132,11.0,18.286648907916966,22,1e-06
11,15.25,-5.500665319596762,49.50416020228487,8.858703032112647,253.43544122310132,11.0,18.286648907916966,22,1e-06
12,15.25,-5.500665319596762,49.50416020228487,8.858703032112647,253.43544122310132,11.0,18.286648907916966,22,0.0
13,15.25,-5.500665319596762,49.50416020228487,8.858703032112647,253.43544122310132,11.0,18.286648907916966,22,1e-06
14,15.25,-5.500665319596762,49.50416020228487,8.858703032112647,253.43544122310132,11.0,18.286648907916966,22,1e-06
15,15.25,-5.500665319596762,49.50416020228487,8.858703032112647,253.43544122310132,11.0,18.286648907916966,22,1e-06
16,15.25,-5.500665319596762,49.50416020228487,8.858703032112647,253.43544122310132,11.0,18.286648907916966,22,1e-06
17,15.25,-5.500665319596762,49.50416020228487,8.858703032112647,253.43544122310132,11.0,18.286648907916966,22,0.0
18,15.25,-5.500665319596762,49.50416020228487,8.858703032112647,253.43544122310132,11.0,18.286648907916966,22,1e-06
19,15.25,-5.500665319596762,49.50416020228487,8.858703032112647,253.43544122310132,11.0,18.286648907916966,22,1e-06
20,15.25,-5.500665319596762,49.50416020228487,8.858703032112647,253.43544122310132,11.0,18.286648907916966,22,1e-06
21,15.25,-5.500665319596762,49.50416020228487,8.858703032112647,253.43544122310132,11.0,18.286648907916966,22,0.0
22,15.25,-5.500665319596762,49.50416020228487,8.858703032112647,253.43544122310132,11.0,18.286648907916966,22,1e-06
23,15.25,-5.500665319596762,49.50416020228487,8.858703032112647,253.43544122310132,11.0,18.286648907916966,22,1e-06
24,15.25,-5.500665319596762,49.50416020228487,8.858703032112647,253.43544122310132,11.0,18.286648907916966,22,1e-06
25,15.25,-5.500665319596762,49.50416020228487,8.858703032112647,253.43544122310132,11.0,18.286648907916966,22,1e-06
26,15.25,-5.500665319596762,49.50416020228487,8.858703032112647,253.43544122310132,11.0,18.286648907916966,22,1e-06
27,15.25,-5.500665319596762,49.50416020228487,8.858703032112647,253.43544122310132,11.0,18.286648907916966,22,0.0
28,15.25,-5.500665319596762,49.50416020228487,8.858703032112647,253.43544122310132,11.0,18.286648907916966,22,0.0
29,15.25,-5.500665319596762,49.50416020228487,8.858703032112647,253.43544122310132,11.0,18.286648907916966,22,1e-06
0,11.5,0.3243814861547589,49.840436681780055,0.0,431.2893331723691,8.8,28.018637352357153,22,3e-06
1,11.5,0.3243814861547589,49.840436681780055,0.0,431.2893331723691,8.8,28.018637352357153,22,1e-06
2,11.5,0.3243814861547589,49.840436681780055,0.0,431.2893331723691,8.8,28.018637352357153,22,1e-06
3,11.5,0.3243814861547589,49.840436681780055,0.0,431.2893331723691,8.8,28.018637352357153,22,1e-06
4,11.5,0.3243814861547589,49.840436681780055,0.0,431.2893331723691,8.8,28.018637352357153,22,1e-06
5,11.5,0.3243814861547589,49.840436681780055,0.0,431.2893331723691,8.8,28.018637352357153,22,1e-06
6,11.5,0.3243814861547589,49.840436681780055,0.0,431.2893331723691,8.8,28.018637352357153,22,0.0
7,11.5,0.3243814861547589,49.840436681780055,0.0,431.2893331723691,8.8,28.018637352357153,22,1e-06
8,11.5,0.3243814861547589,49.840436681780055,0.0,431.2893331723691,8.8,28.018637352357153,22,1e-06
9,11.5,0.3243814861547589,49.840436681780055,0.0,431.2893331723691,8.8,28.018637352357153,22,1e-06
10,11.5,0.3243814861547589,49.840436681780055,0.0,431.2893331723691,8.8,28.018637352357153,22,1e-06
11,11.5,0.3243814861547589,49.840436681780055,0.0,431.2893331723691,8.8,28.018637352357153,22,1e-06
12,11.5,0.3243814861547589,49.840436681780055,0.0,431.2893331723691,8.8,28.018637352357153,22,1e-06
13,11.5,0.3243814861547589,49.840436681780055,0.0,431.2893331723691,8.8,28.018637352357153,22,1e-06
14,11.5,0.3243814861547589,49.840436681780055,0.0,431.2893331723691,8.8,28.018637352357153,22,1e-06
15,11.5,0.3243814861547589,49.840436681780055,0.0,431.2893331723691,8.8,28.018637352357153,22,1e-06
16,11.5,0.3243814861547589,49.840436681780055,0.0,431.2893331723691,8.8,28.018637352357153,22,1e-06
17,11.5,0.3243814861547589,49.840436681780055,0.0,431.2893331723691,8.8,28.018637352357153,22,1e-06
18,11.5,0.3243814861547589,49.840436681780055,0.0,431.2893331723691,8.8,28.018637352357153,22,1e-06
19,11.5,0.3243814861547589,49.840436681780055,0.0,431.2893331723691,8.8,28.018637352357153,22,1e-06
20,11.5,0.3243814861547589,49.840436681780055,0.0,431.2893331723691,8.8,28.018637352357153,22,1e-06
21,11.5,0.3243814861547589,49.840436681780055,0.0,431.2893331723691,8.8,28.018637352357153,22,1e-06
22,11.5,0.3243814861547589,49.840436681780055,0.0,431.2893331723691,8.8,28.018637352357153,22,1e-06
23,11.5,0.3243814861547589,49.840436681780055,0.0,431.2893331723691,8.8,28.018637352357153,22,1e-06
24,11.5,0.3243814861547589,49.840436681780055,0.0,431.2893331723691,8.8,28.018637352357153,22,0.0
25,11.5,0.3243814861547589,49.840436681780055,0.0,431.2893331723691,8.8,28.018637352357153,22,1e-06
26,11.5,0.3243814861547589,49.840436681780055,0.0,431.2893331723691,8.8,28.018637352357153,22,1e-06
27,11.5,0.3243814861547589,49.840436681780055,0.0,431.2893331723691,8.8,28.018637352357153,22,1e-06
28,11.5,0.3243814861547589,49.840436681780055,0.0,431.2893331723691,8.8,28.018637352357153,22,1e-06
29,11.5,0.3243814861547589,49.840436681780055,0.0,431.2893331723691,8.8,28.018637352357153,22,1e-06
